,id,map_size,num_nodes,num_locations,num_vehicles,vehicle_capacities,type,truck_routes,drone_routes,robot_routes,distances,time,waiting,total_distance,travel_time,time_complexity,space_complexity
0,1,"(25, 25)",100,"[(12.5, 12.5), (19.21, 4.37), (8.88, 9.75), (9.97, 6.79), (7.46, 10.49), (16.43, 8.34), (19.01, 4.11), (7.15, 21.78), (23.28, 23.32), (15.78, 23.12), (12.17, 2.26), (7.58, 16.93), (0.07, 3.84), (20.54, 9.9), (5.59, 2.39), (3.86, 7.08), (14.34, 16.53), (10.53, 17.48), (22.9, 11.01), (22.38, 22.32), (0.74, 5.85), (24.06, 4.02), (19.46, 15.16), (10.77, 21.79), (21.79, 7.62), (11.8, 18.43), (3.58, 0.4), (10.5, 7.41), (12.73, 11.95), (18.95, 21.22), (2.03, 18.75), (9.49, 2.32), (6.86, 0.11), (8.06, 10.94), (11.42, 16.47), (16.38, 14.34), (4.25, 10.37), (11.45, 24.75), (20.3, 19.96), (23.11, 23.83), (9.69, 0.42), (17.37, 24.94), (9.04, 1.18), (21.26, 21.42), (21.25, 24.56), (22.86, 8.28), (14.97, 23.6), (0.89, 13.65), (23.22, 14.98), (17.73, 22.36), (8.53, 3.32), (16.73, 10.58), (0.33, 15.18), (2.14, 0.15), (11.49, 3.03), (4.3, 17.81), (11.13, 1.97), (2.95, 6.69), (11.91, 19.26), (11.09, 23.45), (11.67, 23.36), (18.18, 11.64), (5.24, 11.95), (3.05, 18.39), (5.96, 10.37), (0.54, 16.81), (12.15, 2.69), (13.08, 19.87), (7.63, 22.68), (24.44, 11.14), (20.11, 10.8), (24.04, 7.09), (23.8, 13.38), (11.64, 13.83), (5.09, 17.07), (22.61, 2.7), (20.97, 13.42), (23.1, 0.49), (9.92, 23.51), (15.54, 0.29), (16.77, 5.72), (8.58, 20.35), (10.9, 4.63), (19.95, 20.49), (18.42, 2.07), (20.43, 4.73), (10.66, 15.44), (16.47, 11.18), (5.19, 9.2), (6.77, 24.12), (23.18, 23.09), (12.67, 18.67), (9.61, 6.82), (16.9, 10.73), (7.74, 18.8), (22.46, 6.8), (20.64, 9.04), (4.85, 0.94), (15.24, 13.35), (13.89, 11.18)]",1,[100],VRP,"[[0, 73, 34, 86, 2, 27, 3, 92, 82, 54, 66, 10, 56, 31, 50, 42, 40, 32, 14, 97, 26, 53, 12, 20, 57, 15, 36, 88, 64, 4, 33, 62, 47, 52, 65, 30, 63, 55, 74, 11, 94, 81, 7, 68, 89, 78, 37, 60, 59, 23, 17, 25, 58, 67, 91, 16, 46, 9, 49, 41, 44, 39, 90, 8, 19, 43, 29, 83, 38, 76, 96, 13, 70, 61, 51, 93, 87, 5, 80, 79, 84, 6, 1, 85, 75, 77, 21, 71, 95, 24, 45, 18, 69, 72, 48, 22, 35, 98, 99, 28, 0]]",,,[196],396.0,[0],196,396.0,3.1291,3.2285
1,1,"(25, 25)",100,"[(12.5, 12.5), (19.21, 4.37), (8.88, 9.75), (9.97, 6.79), (7.46, 10.49), (16.43, 8.34), (19.01, 4.11), (7.15, 21.78), (23.28, 23.32), (15.78, 23.12), (12.17, 2.26), (7.58, 16.93), (0.07, 3.84), (20.54, 9.9), (5.59, 2.39), (3.86, 7.08), (14.34, 16.53), (10.53, 17.48), (22.9, 11.01), (22.38, 22.32), (0.74, 5.85), (24.06, 4.02), (19.46, 15.16), (10.77, 21.79), (21.79, 7.62), (11.8, 18.43), (3.58, 0.4), (10.5, 7.41), (12.73, 11.95), (18.95, 21.22), (2.03, 18.75), (9.49, 2.32), (6.86, 0.11), (8.06, 10.94), (11.42, 16.47), (16.38, 14.34), (4.25, 10.37), (11.45, 24.75), (20.3, 19.96), (23.11, 23.83), (9.69, 0.42), (17.37, 24.94), (9.04, 1.18), (21.26, 21.42), (21.25, 24.56), (22.86, 8.28), (14.97, 23.6), (0.89, 13.65), (23.22, 14.98), (17.73, 22.36), (8.53, 3.32), (16.73, 10.58), (0.33, 15.18), (2.14, 0.15), (11.49, 3.03), (4.3, 17.81), (11.13, 1.97), (2.95, 6.69), (11.91, 19.26), (11.09, 23.45), (11.67, 23.36), (18.18, 11.64), (5.24, 11.95), (3.05, 18.39), (5.96, 10.37), (0.54, 16.81), (12.15, 2.69), (13.08, 19.87), (7.63, 22.68), (24.44, 11.14), (20.11, 10.8), (24.04, 7.09), (23.8, 13.38), (11.64, 13.83), (5.09, 17.07), (22.61, 2.7), (20.97, 13.42), (23.1, 0.49), (9.92, 23.51), (15.54, 0.29), (16.77, 5.72), (8.58, 20.35), (10.9, 4.63), (19.95, 20.49), (18.42, 2.07), (20.43, 4.73), (10.66, 15.44), (16.47, 11.18), (5.19, 9.2), (6.77, 24.12), (23.18, 23.09), (12.67, 18.67), (9.61, 6.82), (16.9, 10.73), (7.74, 18.8), (22.46, 6.8), (20.64, 9.04), (4.85, 0.94), (15.24, 13.35), (13.89, 11.18)]",1,[100],VRPD,"[[0, 73, 34, 86, 2, 27, 3, 92, 54, 66, 10, 56, 31, 50, 42, 40, 14, 97, 26, 53, 20, 57, 15, 36, 88, 64, 4, 33, 47, 52, 65, 30, 63, 55, 74, 94, 7, 68, 78, 37, 60, 59, 17, 25, 58, 67, 91, 46, 9, 49, 44, 39, 90, 8, 19, 43, 29, 83, 38, 96, 13, 70, 61, 51, 93, 87, 80, 84, 6, 1, 85, 75, 21, 71, 95, 24, 45, 18, 69, 48, 35, 98, 99, 28, 0]]","[[[80, 79, 84], [91, 16, 46], [49, 41, 44], [38, 76, 96], [48, 22, 35], [75, 77, 21], [87, 5, 80], [40, 32, 14], [53, 12, 20], [74, 11, 94], [94, 81, 7], [33, 62, 47], [92, 82, 54], [69, 72, 48], [59, 23, 17], [68, 89, 78]]]",,[184],359.0,[7.0],184,359.0,3.041,5.8848
2,1,"(25, 25)",100,"[(12.5, 12.5), (19.21, 4.37), (8.88, 9.75), (9.97, 6.79), (7.46, 10.49), (16.43, 8.34), (19.01, 4.11), (7.15, 21.78), (23.28, 23.32), (15.78, 23.12), (12.17, 2.26), (7.58, 16.93), (0.07, 3.84), (20.54, 9.9), (5.59, 2.39), (3.86, 7.08), (14.34, 16.53), (10.53, 17.48), (22.9, 11.01), (22.38, 22.32), (0.74, 5.85), (24.06, 4.02), (19.46, 15.16), (10.77, 21.79), (21.79, 7.62), (11.8, 18.43), (3.58, 0.4), (10.5, 7.41), (12.73, 11.95), (18.95, 21.22), (2.03, 18.75), (9.49, 2.32), (6.86, 0.11), (8.06, 10.94), (11.42, 16.47), (16.38, 14.34), (4.25, 10.37), (11.45, 24.75), (20.3, 19.96), (23.11, 23.83), (9.69, 0.42), (17.37, 24.94), (9.04, 1.18), (21.26, 21.42), (21.25, 24.56), (22.86, 8.28), (14.97, 23.6), (0.89, 13.65), (23.22, 14.98), (17.73, 22.36), (8.53, 3.32), (16.73, 10.58), (0.33, 15.18), (2.14, 0.15), (11.49, 3.03), (4.3, 17.81), (11.13, 1.97), (2.95, 6.69), (11.91, 19.26), (11.09, 23.45), (11.67, 23.36), (18.18, 11.64), (5.24, 11.95), (3.05, 18.39), (5.96, 10.37), (0.54, 16.81), (12.15, 2.69), (13.08, 19.87), (7.63, 22.68), (24.44, 11.14), (20.11, 10.8), (24.04, 7.09), (23.8, 13.38), (11.64, 13.83), (5.09, 17.07), (22.61, 2.7), (20.97, 13.42), (23.1, 0.49), (9.92, 23.51), (15.54, 0.29), (16.77, 5.72), (8.58, 20.35), (10.9, 4.63), (19.95, 20.49), (18.42, 2.07), (20.43, 4.73), (10.66, 15.44), (16.47, 11.18), (5.19, 9.2), (6.77, 24.12), (23.18, 23.09), (12.67, 18.67), (9.61, 6.82), (16.9, 10.73), (7.74, 18.8), (22.46, 6.8), (20.64, 9.04), (4.85, 0.94), (15.24, 13.35), (13.89, 11.18)]",1,[100],VRPR,"[[0, 73, 34, 86, 2, 27, 3, 92, 82, 54, 42, 40, 50, 32, 14, 97, 26, 53, 12, 20, 57, 15, 36, 88, 64, 4, 33, 62, 47, 52, 11, 74, 94, 81, 7, 68, 89, 23, 17, 46, 16, 9, 49, 41, 44, 29, 83, 43, 38, 76, 96, 87, 5, 93, 80, 79, 84, 6, 1, 85, 75, 77, 21, 71, 72, 48, 69, 22, 35, 98, 99, 28, 0]]",,"[[[54, 66, 10, 56, 31, 50], [41, 39, 90, 8, 19, 43], [96, 13, 70, 61, 51, 93], [71, 95, 24, 45, 18, 69], [62, 65, 30, 63, 55, 74], [81, 78, 37, 60, 59, 23], [17, 25, 58, 67, 91, 16]]]",[229],373.0,[0.0],229,373.0,3.0898,14.79
3,1,"(25, 25)",100,"[(12.5, 12.5), (19.21, 4.37), (8.88, 9.75), (9.97, 6.79), (7.46, 10.49), (16.43, 8.34), (19.01, 4.11), (7.15, 21.78), (23.28, 23.32), (15.78, 23.12), (12.17, 2.26), (7.58, 16.93), (0.07, 3.84), (20.54, 9.9), (5.59, 2.39), (3.86, 7.08), (14.34, 16.53), (10.53, 17.48), (22.9, 11.01), (22.38, 22.32), (0.74, 5.85), (24.06, 4.02), (19.46, 15.16), (10.77, 21.79), (21.79, 7.62), (11.8, 18.43), (3.58, 0.4), (10.5, 7.41), (12.73, 11.95), (18.95, 21.22), (2.03, 18.75), (9.49, 2.32), (6.86, 0.11), (8.06, 10.94), (11.42, 16.47), (16.38, 14.34), (4.25, 10.37), (11.45, 24.75), (20.3, 19.96), (23.11, 23.83), (9.69, 0.42), (17.37, 24.94), (9.04, 1.18), (21.26, 21.42), (21.25, 24.56), (22.86, 8.28), (14.97, 23.6), (0.89, 13.65), (23.22, 14.98), (17.73, 22.36), (8.53, 3.32), (16.73, 10.58), (0.33, 15.18), (2.14, 0.15), (11.49, 3.03), (4.3, 17.81), (11.13, 1.97), (2.95, 6.69), (11.91, 19.26), (11.09, 23.45), (11.67, 23.36), (18.18, 11.64), (5.24, 11.95), (3.05, 18.39), (5.96, 10.37), (0.54, 16.81), (12.15, 2.69), (13.08, 19.87), (7.63, 22.68), (24.44, 11.14), (20.11, 10.8), (24.04, 7.09), (23.8, 13.38), (11.64, 13.83), (5.09, 17.07), (22.61, 2.7), (20.97, 13.42), (23.1, 0.49), (9.92, 23.51), (15.54, 0.29), (16.77, 5.72), (8.58, 20.35), (10.9, 4.63), (19.95, 20.49), (18.42, 2.07), (20.43, 4.73), (10.66, 15.44), (16.47, 11.18), (5.19, 9.2), (6.77, 24.12), (23.18, 23.09), (12.67, 18.67), (9.61, 6.82), (16.9, 10.73), (7.74, 18.8), (22.46, 6.8), (20.64, 9.04), (4.85, 0.94), (15.24, 13.35), (13.89, 11.18)]",1,[100],VRPRD,"[[0, 73, 34, 86, 2, 27, 3, 92, 82, 54, 42, 40, 50, 14, 97, 26, 53, 20, 57, 15, 36, 88, 64, 4, 33, 62, 47, 52, 74, 81, 7, 68, 89, 23, 17, 46, 16, 9, 49, 41, 29, 83, 43, 38, 96, 87, 93, 80, 84, 6, 1, 85, 75, 21, 71, 72, 48, 69, 35, 98, 99, 28, 0]]","[[[80, 79, 84], [38, 76, 96], [69, 22, 35], [75, 77, 21], [87, 5, 93], [50, 32, 14], [53, 12, 20], [41, 44, 29], [52, 11, 74], [74, 94, 81]]]","[[[54, 66, 10, 56, 31, 50], [41, 39, 90, 8, 19, 43], [96, 13, 70, 61, 51, 93], [71, 95, 24, 45, 18, 69], [62, 65, 30, 63, 55, 74], [81, 78, 37, 60, 59, 23], [17, 25, 58, 67, 91, 16]]]",[202],353.0,[27],202,353.0,2.9549,10.4316
4,2,"(25, 25)",100,"[(12.5, 12.5), (5.35, 20.41), (24.11, 24.34), (20.32, 10.98), (1.49, 14.93), (22.61, 19.37), (11.87, 15.23), (2.85, 0.34), (20.5, 1.8), (17.97, 11.4), (18.58, 9.94), (9.92, 3.49), (21.24, 23.73), (2.57, 6.35), (22.35, 4.46), (11.21, 6.11), (13.36, 6.58), (1.85, 19.17), (2.23, 5.05), (19.9, 2.72), (23.58, 15.99), (10.22, 11.72), (19.38, 22.35), (2.41, 11.85), (16.4, 12.2), (5.44, 2.09), (6.33, 0.46), (2.21, 1.42), (2.95, 14.66), (8.98, 20.06), (8.13, 3.24), (19.15, 17.28), (4.24, 2.75), (23.72, 19.23), (7.3, 16.95), (1.84, 11.9), (13.76, 1.69), (8.82, 11.09), (8.39, 0.84), (21.07, 13.72), (24.68, 8.13), (8.38, 10.0), (14.9, 0.69), (9.4, 8.87), (13.27, 19.7), (15.86, 3.79), (5.27, 7.81), (22.09, 2.76), (5.82, 19.14), (6.42, 5.8), (9.28, 18.71), (10.32, 19.77), (5.43, 6.53), (5.98, 2.25), (23.76, 13.92), (23.18, 16.97), (13.33, 7.32), (6.91, 21.33), (5.73, 20.38), (20.6, 15.83), (3.36, 13.42), (4.76, 2.26), (0.01, 14.33), (9.3, 3.75), (7.41, 4.31), (24.56, 23.99), (4.07, 22.11), (20.1, 0.7), (20.27, 23.96), (9.89, 8.29), (13.88, 15.86), (14.65, 18.57), (3.92, 13.21), (15.33, 19.41), (20.54, 2.59), (7.82, 5.18), (8.91, 9.63), (15.42, 24.47), (9.33, 24.9), (7.83, 18.68), (12.39, 21.12), (0.96, 17.22), (7.37, 15.76), (15.99, 22.17), (23.17, 17.12), (8.28, 18.86), (20.09, 8.18), (3.78, 0.54), (8.56, 2.72), (23.04, 7.62), (24.23, 4.26), (10.41, 2.8), (21.95, 11.16), (5.15, 7.96), (24.33, 16.85), (18.88, 9.09), (5.42, 11.23), (6.33, 3.15), (5.9, 1.73), (18.24, 19.12)]",1,[100],VRP,"[[0, 6, 70, 71, 73, 44, 80, 78, 77, 83, 22, 68, 12, 65, 2, 33, 5, 84, 55, 94, 20, 54, 39, 59, 31, 99, 24, 9, 10, 95, 86, 3, 92, 89, 40, 90, 14, 47, 74, 8, 67, 19, 45, 42, 36, 56, 16, 15, 69, 43, 76, 41, 37, 96, 46, 93, 52, 49, 97, 30, 64, 75, 63, 11, 91, 88, 38, 26, 98, 53, 25, 61, 32, 87, 7, 27, 18, 13, 23, 35, 72, 60, 28, 4, 62, 81, 17, 48, 58, 1, 66, 57, 29, 51, 50, 85, 79, 34, 82, 21, 0]]",,,[194],394.0,[0],194,394.0,3.6018,2.8262
5,2,"(25, 25)",100,"[(12.5, 12.5), (5.35, 20.41), (24.11, 24.34), (20.32, 10.98), (1.49, 14.93), (22.61, 19.37), (11.87, 15.23), (2.85, 0.34), (20.5, 1.8), (17.97, 11.4), (18.58, 9.94), (9.92, 3.49), (21.24, 23.73), (2.57, 6.35), (22.35, 4.46), (11.21, 6.11), (13.36, 6.58), (1.85, 19.17), (2.23, 5.05), (19.9, 2.72), (23.58, 15.99), (10.22, 11.72), (19.38, 22.35), (2.41, 11.85), (16.4, 12.2), (5.44, 2.09), (6.33, 0.46), (2.21, 1.42), (2.95, 14.66), (8.98, 20.06), (8.13, 3.24), (19.15, 17.28), (4.24, 2.75), (23.72, 19.23), (7.3, 16.95), (1.84, 11.9), (13.76, 1.69), (8.82, 11.09), (8.39, 0.84), (21.07, 13.72), (24.68, 8.13), (8.38, 10.0), (14.9, 0.69), (9.4, 8.87), (13.27, 19.7), (15.86, 3.79), (5.27, 7.81), (22.09, 2.76), (5.82, 19.14), (6.42, 5.8), (9.28, 18.71), (10.32, 19.77), (5.43, 6.53), (5.98, 2.25), (23.76, 13.92), (23.18, 16.97), (13.33, 7.32), (6.91, 21.33), (5.73, 20.38), (20.6, 15.83), (3.36, 13.42), (4.76, 2.26), (0.01, 14.33), (9.3, 3.75), (7.41, 4.31), (24.56, 23.99), (4.07, 22.11), (20.1, 0.7), (20.27, 23.96), (9.89, 8.29), (13.88, 15.86), (14.65, 18.57), (3.92, 13.21), (15.33, 19.41), (20.54, 2.59), (7.82, 5.18), (8.91, 9.63), (15.42, 24.47), (9.33, 24.9), (7.83, 18.68), (12.39, 21.12), (0.96, 17.22), (7.37, 15.76), (15.99, 22.17), (23.17, 17.12), (8.28, 18.86), (20.09, 8.18), (3.78, 0.54), (8.56, 2.72), (23.04, 7.62), (24.23, 4.26), (10.41, 2.8), (21.95, 11.16), (5.15, 7.96), (24.33, 16.85), (18.88, 9.09), (5.42, 11.23), (6.33, 3.15), (5.9, 1.73), (18.24, 19.12)]",1,[100],VRPD,"[[0, 70, 71, 73, 80, 77, 22, 68, 12, 65, 2, 33, 5, 84, 55, 94, 20, 54, 59, 99, 9, 10, 95, 86, 3, 92, 40, 14, 47, 74, 8, 67, 19, 42, 36, 56, 16, 69, 43, 76, 41, 37, 46, 93, 52, 49, 97, 30, 64, 75, 63, 11, 91, 88, 26, 98, 53, 25, 61, 32, 87, 7, 27, 18, 13, 23, 35, 72, 60, 28, 4, 62, 81, 48, 58, 1, 57, 29, 51, 50, 85, 79, 34, 82, 21, 0]]","[[[80, 78, 77], [19, 45, 42], [37, 96, 46], [77, 83, 22], [16, 15, 69], [54, 39, 59], [81, 17, 48], [1, 66, 57], [0, 6, 70], [59, 31, 99], [40, 90, 14], [88, 38, 26], [99, 24, 9], [92, 89, 40], [73, 44, 80]]]",,[180],355.0,[5.0],180,355.0,3.7147,4.1621
6,2,"(25, 25)",100,"[(12.5, 12.5), (5.35, 20.41), (24.11, 24.34), (20.32, 10.98), (1.49, 14.93), (22.61, 19.37), (11.87, 15.23), (2.85, 0.34), (20.5, 1.8), (17.97, 11.4), (18.58, 9.94), (9.92, 3.49), (21.24, 23.73), (2.57, 6.35), (22.35, 4.46), (11.21, 6.11), (13.36, 6.58), (1.85, 19.17), (2.23, 5.05), (19.9, 2.72), (23.58, 15.99), (10.22, 11.72), (19.38, 22.35), (2.41, 11.85), (16.4, 12.2), (5.44, 2.09), (6.33, 0.46), (2.21, 1.42), (2.95, 14.66), (8.98, 20.06), (8.13, 3.24), (19.15, 17.28), (4.24, 2.75), (23.72, 19.23), (7.3, 16.95), (1.84, 11.9), (13.76, 1.69), (8.82, 11.09), (8.39, 0.84), (21.07, 13.72), (24.68, 8.13), (8.38, 10.0), (14.9, 0.69), (9.4, 8.87), (13.27, 19.7), (15.86, 3.79), (5.27, 7.81), (22.09, 2.76), (5.82, 19.14), (6.42, 5.8), (9.28, 18.71), (10.32, 19.77), (5.43, 6.53), (5.98, 2.25), (23.76, 13.92), (23.18, 16.97), (13.33, 7.32), (6.91, 21.33), (5.73, 20.38), (20.6, 15.83), (3.36, 13.42), (4.76, 2.26), (0.01, 14.33), (9.3, 3.75), (7.41, 4.31), (24.56, 23.99), (4.07, 22.11), (20.1, 0.7), (20.27, 23.96), (9.89, 8.29), (13.88, 15.86), (14.65, 18.57), (3.92, 13.21), (15.33, 19.41), (20.54, 2.59), (7.82, 5.18), (8.91, 9.63), (15.42, 24.47), (9.33, 24.9), (7.83, 18.68), (12.39, 21.12), (0.96, 17.22), (7.37, 15.76), (15.99, 22.17), (23.17, 17.12), (8.28, 18.86), (20.09, 8.18), (3.78, 0.54), (8.56, 2.72), (23.04, 7.62), (24.23, 4.26), (10.41, 2.8), (21.95, 11.16), (5.15, 7.96), (24.33, 16.85), (18.88, 9.09), (5.42, 11.23), (6.33, 3.15), (5.9, 1.73), (18.24, 19.12)]",1,[100],VRPR,"[[0, 6, 70, 71, 73, 44, 80, 78, 77, 83, 22, 68, 12, 65, 2, 33, 54, 39, 20, 59, 31, 99, 24, 9, 10, 95, 86, 3, 92, 89, 40, 90, 19, 67, 45, 42, 36, 56, 16, 15, 96, 37, 46, 30, 64, 38, 88, 26, 87, 7, 32, 27, 18, 13, 23, 62, 81, 4, 17, 48, 58, 1, 66, 57, 29, 82, 34, 21, 0]]",,"[[[26, 98, 53, 25, 61, 32], [33, 5, 84, 55, 94, 20], [89, 14, 47, 74, 8, 67], [46, 93, 52, 49, 97, 30], [64, 75, 63, 11, 91, 88], [23, 35, 72, 60, 28, 4], [15, 69, 43, 76, 41, 37], [1, 51, 50, 85, 79, 34]]]",[214],366.0,[16.0],214,366.0,3.7793,10.8154
7,2,"(25, 25)",100,"[(12.5, 12.5), (5.35, 20.41), (24.11, 24.34), (20.32, 10.98), (1.49, 14.93), (22.61, 19.37), (11.87, 15.23), (2.85, 0.34), (20.5, 1.8), (17.97, 11.4), (18.58, 9.94), (9.92, 3.49), (21.24, 23.73), (2.57, 6.35), (22.35, 4.46), (11.21, 6.11), (13.36, 6.58), (1.85, 19.17), (2.23, 5.05), (19.9, 2.72), (23.58, 15.99), (10.22, 11.72), (19.38, 22.35), (2.41, 11.85), (16.4, 12.2), (5.44, 2.09), (6.33, 0.46), (2.21, 1.42), (2.95, 14.66), (8.98, 20.06), (8.13, 3.24), (19.15, 17.28), (4.24, 2.75), (23.72, 19.23), (7.3, 16.95), (1.84, 11.9), (13.76, 1.69), (8.82, 11.09), (8.39, 0.84), (21.07, 13.72), (24.68, 8.13), (8.38, 10.0), (14.9, 0.69), (9.4, 8.87), (13.27, 19.7), (15.86, 3.79), (5.27, 7.81), (22.09, 2.76), (5.82, 19.14), (6.42, 5.8), (9.28, 18.71), (10.32, 19.77), (5.43, 6.53), (5.98, 2.25), (23.76, 13.92), (23.18, 16.97), (13.33, 7.32), (6.91, 21.33), (5.73, 20.38), (20.6, 15.83), (3.36, 13.42), (4.76, 2.26), (0.01, 14.33), (9.3, 3.75), (7.41, 4.31), (24.56, 23.99), (4.07, 22.11), (20.1, 0.7), (20.27, 23.96), (9.89, 8.29), (13.88, 15.86), (14.65, 18.57), (3.92, 13.21), (15.33, 19.41), (20.54, 2.59), (7.82, 5.18), (8.91, 9.63), (15.42, 24.47), (9.33, 24.9), (7.83, 18.68), (12.39, 21.12), (0.96, 17.22), (7.37, 15.76), (15.99, 22.17), (23.17, 17.12), (8.28, 18.86), (20.09, 8.18), (3.78, 0.54), (8.56, 2.72), (23.04, 7.62), (24.23, 4.26), (10.41, 2.8), (21.95, 11.16), (5.15, 7.96), (24.33, 16.85), (18.88, 9.09), (5.42, 11.23), (6.33, 3.15), (5.9, 1.73), (18.24, 19.12)]",1,[100],VRPRD,"[[0, 70, 71, 73, 44, 80, 77, 22, 68, 12, 65, 2, 33, 54, 20, 59, 99, 24, 9, 10, 95, 86, 3, 92, 89, 40, 19, 67, 42, 36, 56, 16, 15, 37, 46, 30, 64, 38, 88, 26, 87, 7, 32, 27, 18, 13, 23, 62, 4, 48, 58, 1, 57, 29, 82, 34, 21, 0]]","[[[80, 78, 77], [67, 45, 42], [15, 96, 37], [77, 83, 22], [54, 39, 20], [4, 17, 48], [62, 81, 4], [1, 66, 57], [0, 6, 70], [59, 31, 99], [40, 90, 19]]]","[[[26, 98, 53, 25, 61, 32], [33, 5, 84, 55, 94, 20], [89, 14, 47, 74, 8, 67], [46, 93, 52, 49, 97, 30], [64, 75, 63, 11, 91, 88], [23, 35, 72, 60, 28, 4], [15, 69, 43, 76, 41, 37], [1, 51, 50, 85, 79, 34]]]",[188],349.0,[47],188,349.0,3.6396,10.8545
8,3,"(25, 25)",100,"[(12.5, 12.5), (20.55, 13.11), (13.62, 4.28), (17.43, 7.07), (21.65, 14.19), (21.42, 12.14), (9.32, 11.66), (20.17, 3.99), (6.42, 0.52), (10.34, 14.71), (13.75, 2.26), (17.55, 1.63), (16.23, 19.28), (15.34, 7.58), (4.91, 22.46), (0.01, 10.68), (22.84, 14.63), (6.43, 8.96), (18.4, 12.22), (12.07, 0.2), (8.93, 4.89), (3.93, 21.1), (1.57, 4.78), (15.77, 0.82), (0.04, 0.77), (0.05, 5.52), (9.63, 11.73), (0.96, 17.98), (17.22, 12.32), (0.25, 11.04), (12.08, 19.12), (23.0, 14.74), (1.45, 3.64), (3.28, 13.49), (7.38, 0.33), (6.93, 7.83), (0.2, 0.48), (10.49, 8.79), (19.32, 14.95), (8.57, 13.78), (4.3, 10.86), (19.66, 7.92), (13.38, 13.24), (13.08, 17.01), (1.48, 7.65), (22.78, 2.82), (6.31, 7.25), (7.42, 22.75), (15.5, 13.96), (0.24, 4.69), (8.01, 18.96), (19.37, 22.75), (20.12, 2.79), (21.3, 15.75), (12.04, 5.62), (12.67, 2.39), (21.17, 1.93), (0.52, 22.85), (0.46, 19.82), (14.88, 5.24), (1.32, 14.53), (19.6, 18.97), (19.59, 12.86), (9.56, 6.41), (0.17, 5.54), (15.33, 20.43), (19.91, 21.85), (2.26, 11.22), (4.83, 12.87), (0.23, 4.21), (11.23, 4.55), (2.96, 15.8), (10.91, 5.37), (22.15, 16.18), (2.36, 20.48), (4.09, 14.84), (22.95, 8.3), (9.06, 13.84), (20.52, 13.1), (13.7, 5.65), (23.73, 12.99), (24.7, 3.99), (17.95, 10.21), (10.3, 21.87), (5.83, 16.98), (7.18, 9.17), (16.66, 4.19), (24.5, 15.25), (0.54, 13.8), (16.64, 11.55), (5.18, 23.52), (2.15, 11.87), (8.64, 23.3), (21.34, 20.6), (20.18, 2.87), (21.69, 1.81), (15.28, 1.65), (9.46, 11.88), (5.2, 19.02), (12.25, 16.06)]",1,[100],VRP,"[[0, 43, 99, 9, 77, 39, 97, 6, 26, 37, 63, 20, 70, 72, 54, 79, 2, 59, 86, 7, 81, 45, 95, 56, 52, 94, 11, 23, 96, 10, 55, 19, 34, 8, 36, 24, 32, 22, 69, 49, 64, 25, 44, 46, 35, 17, 85, 40, 68, 33, 91, 67, 15, 29, 88, 60, 71, 75, 84, 50, 98, 27, 58, 57, 74, 21, 14, 90, 92, 47, 83, 30, 12, 65, 51, 66, 93, 61, 38, 18, 62, 78, 1, 5, 4, 53, 73, 87, 16, 31, 80, 76, 41, 13, 3, 82, 89, 28, 48, 42, 0]]",,,[206],406.0,[0],206,406.0,4.0962,2.8232
9,3,"(25, 25)",100,"[(12.5, 12.5), (20.55, 13.11), (13.62, 4.28), (17.43, 7.07), (21.65, 14.19), (21.42, 12.14), (9.32, 11.66), (20.17, 3.99), (6.42, 0.52), (10.34, 14.71), (13.75, 2.26), (17.55, 1.63), (16.23, 19.28), (15.34, 7.58), (4.91, 22.46), (0.01, 10.68), (22.84, 14.63), (6.43, 8.96), (18.4, 12.22), (12.07, 0.2), (8.93, 4.89), (3.93, 21.1), (1.57, 4.78), (15.77, 0.82), (0.04, 0.77), (0.05, 5.52), (9.63, 11.73), (0.96, 17.98), (17.22, 12.32), (0.25, 11.04), (12.08, 19.12), (23.0, 14.74), (1.45, 3.64), (3.28, 13.49), (7.38, 0.33), (6.93, 7.83), (0.2, 0.48), (10.49, 8.79), (19.32, 14.95), (8.57, 13.78), (4.3, 10.86), (19.66, 7.92), (13.38, 13.24), (13.08, 17.01), (1.48, 7.65), (22.78, 2.82), (6.31, 7.25), (7.42, 22.75), (15.5, 13.96), (0.24, 4.69), (8.01, 18.96), (19.37, 22.75), (20.12, 2.79), (21.3, 15.75), (12.04, 5.62), (12.67, 2.39), (21.17, 1.93), (0.52, 22.85), (0.46, 19.82), (14.88, 5.24), (1.32, 14.53), (19.6, 18.97), (19.59, 12.86), (9.56, 6.41), (0.17, 5.54), (15.33, 20.43), (19.91, 21.85), (2.26, 11.22), (4.83, 12.87), (0.23, 4.21), (11.23, 4.55), (2.96, 15.8), (10.91, 5.37), (22.15, 16.18), (2.36, 20.48), (4.09, 14.84), (22.95, 8.3), (9.06, 13.84), (20.52, 13.1), (13.7, 5.65), (23.73, 12.99), (24.7, 3.99), (17.95, 10.21), (10.3, 21.87), (5.83, 16.98), (7.18, 9.17), (16.66, 4.19), (24.5, 15.25), (0.54, 13.8), (16.64, 11.55), (5.18, 23.52), (2.15, 11.87), (8.64, 23.3), (21.34, 20.6), (20.18, 2.87), (21.69, 1.81), (15.28, 1.65), (9.46, 11.88), (5.2, 19.02), (12.25, 16.06)]",1,[100],VRPD,"[[0, 43, 99, 9, 77, 39, 97, 6, 26, 63, 20, 70, 72, 54, 79, 2, 59, 7, 45, 95, 56, 52, 94, 23, 96, 10, 55, 34, 8, 36, 24, 32, 22, 69, 49, 64, 25, 46, 35, 17, 85, 68, 33, 91, 67, 15, 29, 88, 60, 71, 75, 84, 98, 58, 74, 21, 14, 90, 92, 47, 83, 12, 65, 51, 66, 93, 38, 18, 62, 78, 1, 5, 4, 53, 73, 87, 16, 31, 80, 41, 3, 89, 28, 42, 0]]","[[[80, 76, 41], [58, 57, 74], [84, 50, 98], [26, 37, 63], [25, 44, 46], [93, 61, 38], [83, 30, 12], [55, 19, 34], [7, 81, 45], [28, 48, 42], [41, 13, 3], [59, 86, 7], [85, 40, 68], [94, 11, 23], [98, 27, 58], [3, 82, 89]]]",,[189],368.0,[11.0],189,368.0,4.323,4.1396
10,3,"(25, 25)",100,"[(12.5, 12.5), (20.55, 13.11), (13.62, 4.28), (17.43, 7.07), (21.65, 14.19), (21.42, 12.14), (9.32, 11.66), (20.17, 3.99), (6.42, 0.52), (10.34, 14.71), (13.75, 2.26), (17.55, 1.63), (16.23, 19.28), (15.34, 7.58), (4.91, 22.46), (0.01, 10.68), (22.84, 14.63), (6.43, 8.96), (18.4, 12.22), (12.07, 0.2), (8.93, 4.89), (3.93, 21.1), (1.57, 4.78), (15.77, 0.82), (0.04, 0.77), (0.05, 5.52), (9.63, 11.73), (0.96, 17.98), (17.22, 12.32), (0.25, 11.04), (12.08, 19.12), (23.0, 14.74), (1.45, 3.64), (3.28, 13.49), (7.38, 0.33), (6.93, 7.83), (0.2, 0.48), (10.49, 8.79), (19.32, 14.95), (8.57, 13.78), (4.3, 10.86), (19.66, 7.92), (13.38, 13.24), (13.08, 17.01), (1.48, 7.65), (22.78, 2.82), (6.31, 7.25), (7.42, 22.75), (15.5, 13.96), (0.24, 4.69), (8.01, 18.96), (19.37, 22.75), (20.12, 2.79), (21.3, 15.75), (12.04, 5.62), (12.67, 2.39), (21.17, 1.93), (0.52, 22.85), (0.46, 19.82), (14.88, 5.24), (1.32, 14.53), (19.6, 18.97), (19.59, 12.86), (9.56, 6.41), (0.17, 5.54), (15.33, 20.43), (19.91, 21.85), (2.26, 11.22), (4.83, 12.87), (0.23, 4.21), (11.23, 4.55), (2.96, 15.8), (10.91, 5.37), (22.15, 16.18), (2.36, 20.48), (4.09, 14.84), (22.95, 8.3), (9.06, 13.84), (20.52, 13.1), (13.7, 5.65), (23.73, 12.99), (24.7, 3.99), (17.95, 10.21), (10.3, 21.87), (5.83, 16.98), (7.18, 9.17), (16.66, 4.19), (24.5, 15.25), (0.54, 13.8), (16.64, 11.55), (5.18, 23.52), (2.15, 11.87), (8.64, 23.3), (21.34, 20.6), (20.18, 2.87), (21.69, 1.81), (15.28, 1.65), (9.46, 11.88), (5.2, 19.02), (12.25, 16.06)]",1,[100],VRPR,"[[0, 43, 99, 9, 37, 26, 63, 20, 59, 86, 2, 7, 81, 11, 94, 23, 96, 10, 55, 19, 34, 8, 36, 24, 32, 44, 25, 46, 35, 17, 85, 40, 68, 88, 60, 29, 71, 75, 84, 50, 98, 27, 58, 57, 74, 21, 14, 90, 92, 47, 83, 30, 12, 65, 51, 66, 93, 61, 38, 18, 53, 73, 4, 87, 16, 31, 80, 76, 41, 13, 3, 82, 89, 28, 48, 42, 0]]",,"[[[24, 22, 69, 49, 64, 25], [99, 77, 39, 97, 6, 26], [18, 62, 78, 1, 5, 4], [20, 70, 72, 54, 79, 2], [81, 45, 95, 56, 52, 94], [68, 33, 91, 67, 15, 29]]]",[232],385.0,[1.0],232,385.0,4.094,10.5479
11,3,"(25, 25)",100,"[(12.5, 12.5), (20.55, 13.11), (13.62, 4.28), (17.43, 7.07), (21.65, 14.19), (21.42, 12.14), (9.32, 11.66), (20.17, 3.99), (6.42, 0.52), (10.34, 14.71), (13.75, 2.26), (17.55, 1.63), (16.23, 19.28), (15.34, 7.58), (4.91, 22.46), (0.01, 10.68), (22.84, 14.63), (6.43, 8.96), (18.4, 12.22), (12.07, 0.2), (8.93, 4.89), (3.93, 21.1), (1.57, 4.78), (15.77, 0.82), (0.04, 0.77), (0.05, 5.52), (9.63, 11.73), (0.96, 17.98), (17.22, 12.32), (0.25, 11.04), (12.08, 19.12), (23.0, 14.74), (1.45, 3.64), (3.28, 13.49), (7.38, 0.33), (6.93, 7.83), (0.2, 0.48), (10.49, 8.79), (19.32, 14.95), (8.57, 13.78), (4.3, 10.86), (19.66, 7.92), (13.38, 13.24), (13.08, 17.01), (1.48, 7.65), (22.78, 2.82), (6.31, 7.25), (7.42, 22.75), (15.5, 13.96), (0.24, 4.69), (8.01, 18.96), (19.37, 22.75), (20.12, 2.79), (21.3, 15.75), (12.04, 5.62), (12.67, 2.39), (21.17, 1.93), (0.52, 22.85), (0.46, 19.82), (14.88, 5.24), (1.32, 14.53), (19.6, 18.97), (19.59, 12.86), (9.56, 6.41), (0.17, 5.54), (15.33, 20.43), (19.91, 21.85), (2.26, 11.22), (4.83, 12.87), (0.23, 4.21), (11.23, 4.55), (2.96, 15.8), (10.91, 5.37), (22.15, 16.18), (2.36, 20.48), (4.09, 14.84), (22.95, 8.3), (9.06, 13.84), (20.52, 13.1), (13.7, 5.65), (23.73, 12.99), (24.7, 3.99), (17.95, 10.21), (10.3, 21.87), (5.83, 16.98), (7.18, 9.17), (16.66, 4.19), (24.5, 15.25), (0.54, 13.8), (16.64, 11.55), (5.18, 23.52), (2.15, 11.87), (8.64, 23.3), (21.34, 20.6), (20.18, 2.87), (21.69, 1.81), (15.28, 1.65), (9.46, 11.88), (5.2, 19.02), (12.25, 16.06)]",1,[100],VRPRD,"[[0, 43, 99, 9, 26, 63, 20, 59, 2, 7, 81, 11, 94, 23, 96, 10, 55, 34, 8, 36, 24, 32, 25, 46, 35, 17, 85, 68, 88, 60, 29, 71, 75, 84, 98, 27, 58, 74, 21, 14, 90, 92, 47, 83, 12, 65, 51, 66, 93, 38, 18, 53, 73, 4, 87, 16, 31, 80, 41, 3, 82, 89, 28, 42, 0]]","[[[80, 76, 41], [58, 57, 74], [84, 50, 98], [9, 37, 26], [32, 44, 25], [93, 61, 38], [83, 30, 12], [55, 19, 34], [28, 48, 42], [41, 13, 3], [59, 86, 2], [85, 40, 68]]]","[[[24, 22, 69, 49, 64, 25], [99, 77, 39, 97, 6, 26], [18, 62, 78, 1, 5, 4], [20, 70, 72, 54, 79, 2], [81, 45, 95, 56, 52, 94], [68, 33, 91, 67, 15, 29]]]",[208],371.0,[35],208,371.0,4.2034,10.0439
12,4,"(25, 25)",100,"[(12.5, 12.5), (11.67, 3.38), (2.82, 10.24), (20.27, 18.91), (21.01, 18.54), (3.02, 0.58), (23.73, 20.61), (1.95, 19.89), (1.2, 9.19), (4.32, 13.37), (8.9, 8.2), (17.36, 3.35), (2.39, 24.78), (9.65, 11.35), (0.1, 8.81), (1.29, 14.99), (7.47, 2.39), (2.44, 3.4), (20.84, 17.2), (4.44, 22.06), (11.15, 3.7), (11.75, 7.79), (10.91, 7.96), (10.06, 16.65), (20.89, 0.3), (23.13, 4.49), (10.95, 8.91), (5.45, 5.09), (7.1, 6.64), (4.67, 12.9), (21.75, 17.68), (4.85, 24.36), (7.81, 15.01), (17.48, 10.62), (18.84, 9.75), (11.6, 12.77), (17.38, 22.57), (15.42, 17.83), (12.81, 20.43), (5.61, 1.12), (17.78, 18.66), (24.89, 0.83), (11.19, 13.03), (7.41, 1.62), (2.87, 6.83), (5.78, 17.67), (14.52, 3.19), (21.94, 5.45), (19.82, 8.42), (24.35, 9.83), (9.81, 20.02), (6.14, 2.69), (4.1, 11.52), (11.85, 5.51), (19.13, 23.7), (4.59, 21.31), (22.27, 23.99), (11.86, 6.61), (22.51, 6.26), (9.65, 11.46), (14.96, 2.36), (4.36, 19.97), (2.52, 7.92), (24.2, 24.18), (12.73, 18.65), (14.69, 8.65), (20.38, 13.21), (1.4, 21.45), (20.1, 0.92), (0.78, 7.44), (24.22, 6.24), (20.87, 1.67), (16.56, 14.0), (3.47, 17.82), (18.3, 3.82), (10.8, 6.53), (11.31, 15.76), (12.51, 20.23), (1.38, 3.85), (1.75, 18.7), (17.34, 24.2), (15.41, 22.34), (0.31, 1.18), (10.37, 1.52), (20.7, 18.61), (3.52, 10.33), (6.23, 5.31), (19.98, 16.56), (4.82, 14.5), (1.75, 23.59), (8.52, 17.94), (24.4, 15.33), (5.82, 12.2), (24.12, 4.55), (18.34, 3.14), (19.98, 18.82), (11.29, 8.99), (11.93, 18.33), (5.34, 13.23), (10.93, 0.28)]",1,[100],VRP,"[[0, 35, 42, 76, 23, 50, 77, 38, 97, 64, 37, 81, 36, 80, 54, 56, 63, 6, 91, 30, 4, 40, 3, 95, 84, 18, 87, 66, 72, 33, 34, 48, 49, 70, 58, 47, 25, 93, 41, 71, 24, 68, 94, 74, 11, 60, 46, 1, 20, 99, 83, 43, 16, 51, 39, 5, 82, 78, 17, 44, 62, 69, 14, 8, 2, 85, 52, 92, 98, 88, 29, 9, 15, 79, 7, 67, 89, 12, 31, 19, 55, 61, 73, 45, 90, 32, 59, 13, 10, 28, 27, 86, 53, 57, 75, 22, 26, 96, 21, 65, 0]]",,,[200],400.0,[0],200,400.0,3.2843,2.8799
13,4,"(25, 25)",100,"[(12.5, 12.5), (11.67, 3.38), (2.82, 10.24), (20.27, 18.91), (21.01, 18.54), (3.02, 0.58), (23.73, 20.61), (1.95, 19.89), (1.2, 9.19), (4.32, 13.37), (8.9, 8.2), (17.36, 3.35), (2.39, 24.78), (9.65, 11.35), (0.1, 8.81), (1.29, 14.99), (7.47, 2.39), (2.44, 3.4), (20.84, 17.2), (4.44, 22.06), (11.15, 3.7), (11.75, 7.79), (10.91, 7.96), (10.06, 16.65), (20.89, 0.3), (23.13, 4.49), (10.95, 8.91), (5.45, 5.09), (7.1, 6.64), (4.67, 12.9), (21.75, 17.68), (4.85, 24.36), (7.81, 15.01), (17.48, 10.62), (18.84, 9.75), (11.6, 12.77), (17.38, 22.57), (15.42, 17.83), (12.81, 20.43), (5.61, 1.12), (17.78, 18.66), (24.89, 0.83), (11.19, 13.03), (7.41, 1.62), (2.87, 6.83), (5.78, 17.67), (14.52, 3.19), (21.94, 5.45), (19.82, 8.42), (24.35, 9.83), (9.81, 20.02), (6.14, 2.69), (4.1, 11.52), (11.85, 5.51), (19.13, 23.7), (4.59, 21.31), (22.27, 23.99), (11.86, 6.61), (22.51, 6.26), (9.65, 11.46), (14.96, 2.36), (4.36, 19.97), (2.52, 7.92), (24.2, 24.18), (12.73, 18.65), (14.69, 8.65), (20.38, 13.21), (1.4, 21.45), (20.1, 0.92), (0.78, 7.44), (24.22, 6.24), (20.87, 1.67), (16.56, 14.0), (3.47, 17.82), (18.3, 3.82), (10.8, 6.53), (11.31, 15.76), (12.51, 20.23), (1.38, 3.85), (1.75, 18.7), (17.34, 24.2), (15.41, 22.34), (0.31, 1.18), (10.37, 1.52), (20.7, 18.61), (3.52, 10.33), (6.23, 5.31), (19.98, 16.56), (4.82, 14.5), (1.75, 23.59), (8.52, 17.94), (24.4, 15.33), (5.82, 12.2), (24.12, 4.55), (18.34, 3.14), (19.98, 18.82), (11.29, 8.99), (11.93, 18.33), (5.34, 13.23), (10.93, 0.28)]",1,[100],VRPD,"[[0, 35, 42, 76, 23, 77, 38, 97, 64, 81, 36, 80, 56, 6, 30, 4, 3, 95, 84, 18, 87, 66, 33, 34, 48, 70, 58, 47, 25, 93, 71, 24, 68, 94, 74, 11, 60, 46, 1, 20, 99, 83, 43, 16, 51, 5, 78, 17, 44, 62, 69, 14, 8, 2, 85, 52, 92, 98, 88, 29, 9, 79, 7, 67, 89, 12, 19, 55, 61, 73, 90, 59, 13, 28, 27, 86, 53, 57, 75, 22, 26, 96, 21, 0]]","[[[93, 41, 71], [48, 49, 70], [6, 91, 30], [66, 72, 33], [9, 15, 79], [21, 65, 0], [90, 32, 59], [5, 82, 78], [64, 37, 81], [23, 50, 77], [12, 31, 19], [73, 45, 90], [4, 40, 3], [13, 10, 28], [56, 63, 6], [80, 54, 56], [51, 39, 5]]]",,[175],360.0,[19.0],175,360.0,3.2813,4.3271
14,4,"(25, 25)",100,"[(12.5, 12.5), (11.67, 3.38), (2.82, 10.24), (20.27, 18.91), (21.01, 18.54), (3.02, 0.58), (23.73, 20.61), (1.95, 19.89), (1.2, 9.19), (4.32, 13.37), (8.9, 8.2), (17.36, 3.35), (2.39, 24.78), (9.65, 11.35), (0.1, 8.81), (1.29, 14.99), (7.47, 2.39), (2.44, 3.4), (20.84, 17.2), (4.44, 22.06), (11.15, 3.7), (11.75, 7.79), (10.91, 7.96), (10.06, 16.65), (20.89, 0.3), (23.13, 4.49), (10.95, 8.91), (5.45, 5.09), (7.1, 6.64), (4.67, 12.9), (21.75, 17.68), (4.85, 24.36), (7.81, 15.01), (17.48, 10.62), (18.84, 9.75), (11.6, 12.77), (17.38, 22.57), (15.42, 17.83), (12.81, 20.43), (5.61, 1.12), (17.78, 18.66), (24.89, 0.83), (11.19, 13.03), (7.41, 1.62), (2.87, 6.83), (5.78, 17.67), (14.52, 3.19), (21.94, 5.45), (19.82, 8.42), (24.35, 9.83), (9.81, 20.02), (6.14, 2.69), (4.1, 11.52), (11.85, 5.51), (19.13, 23.7), (4.59, 21.31), (22.27, 23.99), (11.86, 6.61), (22.51, 6.26), (9.65, 11.46), (14.96, 2.36), (4.36, 19.97), (2.52, 7.92), (24.2, 24.18), (12.73, 18.65), (14.69, 8.65), (20.38, 13.21), (1.4, 21.45), (20.1, 0.92), (0.78, 7.44), (24.22, 6.24), (20.87, 1.67), (16.56, 14.0), (3.47, 17.82), (18.3, 3.82), (10.8, 6.53), (11.31, 15.76), (12.51, 20.23), (1.38, 3.85), (1.75, 18.7), (17.34, 24.2), (15.41, 22.34), (0.31, 1.18), (10.37, 1.52), (20.7, 18.61), (3.52, 10.33), (6.23, 5.31), (19.98, 16.56), (4.82, 14.5), (1.75, 23.59), (8.52, 17.94), (24.4, 15.33), (5.82, 12.2), (24.12, 4.55), (18.34, 3.14), (19.98, 18.82), (11.29, 8.99), (11.93, 18.33), (5.34, 13.23), (10.93, 0.28)]",1,[100],VRPR,"[[0, 77, 38, 50, 97, 64, 37, 81, 36, 80, 54, 56, 63, 6, 91, 30, 4, 40, 66, 87, 72, 33, 34, 48, 49, 41, 93, 71, 60, 46, 11, 1, 51, 39, 16, 5, 82, 78, 17, 44, 62, 69, 14, 8, 2, 29, 9, 88, 15, 79, 7, 67, 89, 73, 61, 45, 90, 32, 59, 13, 10, 28, 27, 86, 53, 21, 65, 96, 0]]",,"[[[53, 57, 75, 22, 26, 96], [40, 3, 95, 84, 18, 87], [69, 85, 52, 92, 98, 88], [71, 24, 68, 94, 74, 11], [7, 12, 31, 19, 55, 61], [1, 20, 99, 83, 43, 16], [0, 35, 42, 76, 23, 50], [48, 70, 58, 47, 25, 93]]]",[215],357.0,[6.0],215,357.0,3.7263,10.6768
15,4,"(25, 25)",100,"[(12.5, 12.5), (11.67, 3.38), (2.82, 10.24), (20.27, 18.91), (21.01, 18.54), (3.02, 0.58), (23.73, 20.61), (1.95, 19.89), (1.2, 9.19), (4.32, 13.37), (8.9, 8.2), (17.36, 3.35), (2.39, 24.78), (9.65, 11.35), (0.1, 8.81), (1.29, 14.99), (7.47, 2.39), (2.44, 3.4), (20.84, 17.2), (4.44, 22.06), (11.15, 3.7), (11.75, 7.79), (10.91, 7.96), (10.06, 16.65), (20.89, 0.3), (23.13, 4.49), (10.95, 8.91), (5.45, 5.09), (7.1, 6.64), (4.67, 12.9), (21.75, 17.68), (4.85, 24.36), (7.81, 15.01), (17.48, 10.62), (18.84, 9.75), (11.6, 12.77), (17.38, 22.57), (15.42, 17.83), (12.81, 20.43), (5.61, 1.12), (17.78, 18.66), (24.89, 0.83), (11.19, 13.03), (7.41, 1.62), (2.87, 6.83), (5.78, 17.67), (14.52, 3.19), (21.94, 5.45), (19.82, 8.42), (24.35, 9.83), (9.81, 20.02), (6.14, 2.69), (4.1, 11.52), (11.85, 5.51), (19.13, 23.7), (4.59, 21.31), (22.27, 23.99), (11.86, 6.61), (22.51, 6.26), (9.65, 11.46), (14.96, 2.36), (4.36, 19.97), (2.52, 7.92), (24.2, 24.18), (12.73, 18.65), (14.69, 8.65), (20.38, 13.21), (1.4, 21.45), (20.1, 0.92), (0.78, 7.44), (24.22, 6.24), (20.87, 1.67), (16.56, 14.0), (3.47, 17.82), (18.3, 3.82), (10.8, 6.53), (11.31, 15.76), (12.51, 20.23), (1.38, 3.85), (1.75, 18.7), (17.34, 24.2), (15.41, 22.34), (0.31, 1.18), (10.37, 1.52), (20.7, 18.61), (3.52, 10.33), (6.23, 5.31), (19.98, 16.56), (4.82, 14.5), (1.75, 23.59), (8.52, 17.94), (24.4, 15.33), (5.82, 12.2), (24.12, 4.55), (18.34, 3.14), (19.98, 18.82), (11.29, 8.99), (11.93, 18.33), (5.34, 13.23), (10.93, 0.28)]",1,[100],VRPRD,"[[0, 77, 38, 50, 97, 64, 81, 36, 80, 54, 56, 63, 6, 30, 4, 40, 87, 33, 34, 48, 49, 93, 71, 60, 46, 11, 1, 51, 39, 16, 5, 78, 17, 44, 62, 69, 14, 8, 2, 29, 9, 88, 79, 7, 67, 89, 73, 61, 90, 59, 13, 28, 27, 86, 53, 21, 96, 0]]","[[[49, 41, 93], [6, 91, 30], [87, 72, 33], [88, 15, 79], [40, 66, 87], [21, 65, 96], [90, 32, 59], [5, 82, 78], [64, 37, 81], [61, 45, 90], [13, 10, 28]]]","[[[53, 57, 75, 22, 26, 96], [40, 3, 95, 84, 18, 87], [69, 85, 52, 92, 98, 88], [71, 24, 68, 94, 74, 11], [7, 12, 31, 19, 55, 61], [1, 20, 99, 83, 43, 16], [0, 35, 42, 76, 23, 50], [48, 70, 58, 47, 25, 93]]]",[185],344.0,[45],185,344.0,3.4218,10.1836
16,5,"(25, 25)",100,"[(12.5, 12.5), (22.62, 4.96), (9.22, 8.46), (9.09, 1.68), (4.55, 8.11), (18.95, 12.17), (4.81, 19.53), (11.58, 4.26), (0.1, 3.0), (2.98, 22.49), (16.88, 10.46), (21.81, 9.14), (6.45, 4.33), (10.03, 21.96), (12.05, 20.6), (16.39, 10.27), (17.31, 1.03), (7.3, 16.59), (18.52, 14.2), (1.21, 5.86), (4.14, 19.89), (3.18, 23.32), (21.68, 7.3), (15.17, 10.11), (19.97, 15.4), (13.72, 10.7), (24.95, 14.51), (5.21, 16.69), (12.27, 9.86), (19.86, 22.44), (20.23, 8.68), (12.52, 21.6), (13.57, 5.66), (0.46, 22.8), (19.73, 23.48), (11.55, 18.79), (9.51, 20.05), (10.57, 10.66), (23.84, 5.26), (16.45, 3.07), (17.81, 16.4), (0.14, 21.78), (0.26, 17.39), (12.86, 5.45), (4.26, 4.46), (4.27, 3.11), (15.9, 0.6), (11.26, 5.17), (3.09, 10.56), (4.72, 3.26), (7.11, 17.9), (10.1, 3.85), (7.26, 17.56), (24.22, 22.97), (1.4, 16.76), (24.25, 11.12), (12.99, 2.82), (9.74, 2.45), (12.74, 24.97), (19.08, 8.0), (9.36, 0.92), (19.93, 6.34), (8.99, 2.17), (6.54, 13.25), (10.69, 16.85), (10.49, 17.62), (22.64, 24.9), (17.89, 13.56), (16.27, 6.53), (10.61, 2.45), (11.03, 4.07), (16.79, 1.84), (2.61, 0.97), (9.38, 4.63), (2.09, 13.28), (15.77, 16.07), (11.82, 20.53), (3.81, 16.61), (7.64, 8.32), (12.79, 14.6), (9.58, 12.09), (7.8, 6.12), (6.29, 23.9), (5.17, 21.41), (17.43, 10.46), (3.71, 0.22), (4.09, 14.74), (23.61, 13.79), (7.0, 24.31), (20.54, 14.66), (24.17, 1.3), (8.78, 22.67), (7.12, 22.86), (24.42, 18.44), (18.38, 13.45), (12.64, 13.83), (5.03, 21.4), (2.79, 19.89), (0.55, 12.07), (10.93, 19.79)]",1,[100],VRP,"[[0, 37, 80, 2, 78, 81, 12, 44, 49, 45, 85, 72, 8, 19, 4, 48, 98, 74, 86, 63, 27, 77, 54, 42, 41, 33, 21, 9, 97, 20, 83, 96, 6, 50, 52, 17, 64, 65, 35, 31, 76, 14, 99, 36, 13, 91, 92, 82, 88, 58, 29, 34, 66, 53, 93, 26, 87, 55, 11, 22, 30, 59, 68, 61, 1, 38, 90, 46, 16, 71, 39, 56, 69, 57, 60, 3, 62, 73, 51, 70, 7, 47, 32, 43, 28, 25, 23, 15, 10, 84, 5, 67, 94, 18, 89, 24, 40, 75, 79, 95, 0]]",,,[205],405.0,[0],205,405.0,4.6752,2.8799
17,5,"(25, 25)",100,"[(12.5, 12.5), (22.62, 4.96), (9.22, 8.46), (9.09, 1.68), (4.55, 8.11), (18.95, 12.17), (4.81, 19.53), (11.58, 4.26), (0.1, 3.0), (2.98, 22.49), (16.88, 10.46), (21.81, 9.14), (6.45, 4.33), (10.03, 21.96), (12.05, 20.6), (16.39, 10.27), (17.31, 1.03), (7.3, 16.59), (18.52, 14.2), (1.21, 5.86), (4.14, 19.89), (3.18, 23.32), (21.68, 7.3), (15.17, 10.11), (19.97, 15.4), (13.72, 10.7), (24.95, 14.51), (5.21, 16.69), (12.27, 9.86), (19.86, 22.44), (20.23, 8.68), (12.52, 21.6), (13.57, 5.66), (0.46, 22.8), (19.73, 23.48), (11.55, 18.79), (9.51, 20.05), (10.57, 10.66), (23.84, 5.26), (16.45, 3.07), (17.81, 16.4), (0.14, 21.78), (0.26, 17.39), (12.86, 5.45), (4.26, 4.46), (4.27, 3.11), (15.9, 0.6), (11.26, 5.17), (3.09, 10.56), (4.72, 3.26), (7.11, 17.9), (10.1, 3.85), (7.26, 17.56), (24.22, 22.97), (1.4, 16.76), (24.25, 11.12), (12.99, 2.82), (9.74, 2.45), (12.74, 24.97), (19.08, 8.0), (9.36, 0.92), (19.93, 6.34), (8.99, 2.17), (6.54, 13.25), (10.69, 16.85), (10.49, 17.62), (22.64, 24.9), (17.89, 13.56), (16.27, 6.53), (10.61, 2.45), (11.03, 4.07), (16.79, 1.84), (2.61, 0.97), (9.38, 4.63), (2.09, 13.28), (15.77, 16.07), (11.82, 20.53), (3.81, 16.61), (7.64, 8.32), (12.79, 14.6), (9.58, 12.09), (7.8, 6.12), (6.29, 23.9), (5.17, 21.41), (17.43, 10.46), (3.71, 0.22), (4.09, 14.74), (23.61, 13.79), (7.0, 24.31), (20.54, 14.66), (24.17, 1.3), (8.78, 22.67), (7.12, 22.86), (24.42, 18.44), (18.38, 13.45), (12.64, 13.83), (5.03, 21.4), (2.79, 19.89), (0.55, 12.07), (10.93, 19.79)]",1,[100],VRPD,"[[0, 80, 2, 78, 12, 44, 49, 45, 85, 72, 8, 4, 98, 86, 27, 77, 54, 42, 41, 33, 21, 9, 97, 20, 83, 96, 6, 50, 52, 17, 64, 65, 35, 31, 76, 14, 99, 36, 13, 91, 92, 82, 88, 29, 34, 53, 26, 87, 11, 30, 59, 61, 1, 38, 46, 16, 71, 39, 69, 57, 60, 3, 62, 73, 51, 70, 7, 47, 32, 43, 25, 23, 15, 10, 84, 5, 67, 94, 18, 89, 24, 75, 79, 95, 0]]","[[[53, 93, 26], [38, 90, 46], [88, 58, 29], [8, 19, 4], [86, 63, 27], [4, 48, 98], [59, 68, 61], [87, 55, 11], [34, 66, 53], [78, 81, 12], [24, 40, 75], [39, 56, 69], [98, 74, 86], [11, 22, 30], [0, 37, 80], [43, 28, 25]]]",,[192],368.0,[8.0],192,368.0,4.6867,4.1455
18,5,"(25, 25)",100,"[(12.5, 12.5), (22.62, 4.96), (9.22, 8.46), (9.09, 1.68), (4.55, 8.11), (18.95, 12.17), (4.81, 19.53), (11.58, 4.26), (0.1, 3.0), (2.98, 22.49), (16.88, 10.46), (21.81, 9.14), (6.45, 4.33), (10.03, 21.96), (12.05, 20.6), (16.39, 10.27), (17.31, 1.03), (7.3, 16.59), (18.52, 14.2), (1.21, 5.86), (4.14, 19.89), (3.18, 23.32), (21.68, 7.3), (15.17, 10.11), (19.97, 15.4), (13.72, 10.7), (24.95, 14.51), (5.21, 16.69), (12.27, 9.86), (19.86, 22.44), (20.23, 8.68), (12.52, 21.6), (13.57, 5.66), (0.46, 22.8), (19.73, 23.48), (11.55, 18.79), (9.51, 20.05), (10.57, 10.66), (23.84, 5.26), (16.45, 3.07), (17.81, 16.4), (0.14, 21.78), (0.26, 17.39), (12.86, 5.45), (4.26, 4.46), (4.27, 3.11), (15.9, 0.6), (11.26, 5.17), (3.09, 10.56), (4.72, 3.26), (7.11, 17.9), (10.1, 3.85), (7.26, 17.56), (24.22, 22.97), (1.4, 16.76), (24.25, 11.12), (12.99, 2.82), (9.74, 2.45), (12.74, 24.97), (19.08, 8.0), (9.36, 0.92), (19.93, 6.34), (8.99, 2.17), (6.54, 13.25), (10.69, 16.85), (10.49, 17.62), (22.64, 24.9), (17.89, 13.56), (16.27, 6.53), (10.61, 2.45), (11.03, 4.07), (16.79, 1.84), (2.61, 0.97), (9.38, 4.63), (2.09, 13.28), (15.77, 16.07), (11.82, 20.53), (3.81, 16.61), (7.64, 8.32), (12.79, 14.6), (9.58, 12.09), (7.8, 6.12), (6.29, 23.9), (5.17, 21.41), (17.43, 10.46), (3.71, 0.22), (4.09, 14.74), (23.61, 13.79), (7.0, 24.31), (20.54, 14.66), (24.17, 1.3), (8.78, 22.67), (7.12, 22.86), (24.42, 18.44), (18.38, 13.45), (12.64, 13.83), (5.03, 21.4), (2.79, 19.89), (0.55, 12.07), (10.93, 19.79)]",1,[100],VRPR,"[[0, 37, 80, 2, 78, 81, 12, 44, 49, 45, 85, 72, 8, 19, 4, 48, 98, 74, 86, 63, 27, 77, 54, 42, 41, 33, 21, 6, 96, 50, 35, 31, 91, 92, 13, 82, 88, 58, 29, 34, 66, 53, 93, 26, 87, 55, 11, 22, 30, 59, 68, 61, 1, 38, 90, 46, 16, 71, 39, 56, 73, 62, 51, 43, 28, 84, 5, 40, 75, 24, 79, 95, 0]]",,"[[[71, 69, 57, 60, 3, 62], [51, 70, 7, 47, 32, 43], [31, 76, 14, 99, 36, 13], [28, 25, 23, 15, 10, 84], [5, 67, 94, 18, 89, 24], [41, 9, 97, 20, 83, 96], [50, 52, 17, 64, 65, 35]]]",[216],389.0,[29.0],216,389.0,4.5814,9.8408
19,5,"(25, 25)",100,"[(12.5, 12.5), (22.62, 4.96), (9.22, 8.46), (9.09, 1.68), (4.55, 8.11), (18.95, 12.17), (4.81, 19.53), (11.58, 4.26), (0.1, 3.0), (2.98, 22.49), (16.88, 10.46), (21.81, 9.14), (6.45, 4.33), (10.03, 21.96), (12.05, 20.6), (16.39, 10.27), (17.31, 1.03), (7.3, 16.59), (18.52, 14.2), (1.21, 5.86), (4.14, 19.89), (3.18, 23.32), (21.68, 7.3), (15.17, 10.11), (19.97, 15.4), (13.72, 10.7), (24.95, 14.51), (5.21, 16.69), (12.27, 9.86), (19.86, 22.44), (20.23, 8.68), (12.52, 21.6), (13.57, 5.66), (0.46, 22.8), (19.73, 23.48), (11.55, 18.79), (9.51, 20.05), (10.57, 10.66), (23.84, 5.26), (16.45, 3.07), (17.81, 16.4), (0.14, 21.78), (0.26, 17.39), (12.86, 5.45), (4.26, 4.46), (4.27, 3.11), (15.9, 0.6), (11.26, 5.17), (3.09, 10.56), (4.72, 3.26), (7.11, 17.9), (10.1, 3.85), (7.26, 17.56), (24.22, 22.97), (1.4, 16.76), (24.25, 11.12), (12.99, 2.82), (9.74, 2.45), (12.74, 24.97), (19.08, 8.0), (9.36, 0.92), (19.93, 6.34), (8.99, 2.17), (6.54, 13.25), (10.69, 16.85), (10.49, 17.62), (22.64, 24.9), (17.89, 13.56), (16.27, 6.53), (10.61, 2.45), (11.03, 4.07), (16.79, 1.84), (2.61, 0.97), (9.38, 4.63), (2.09, 13.28), (15.77, 16.07), (11.82, 20.53), (3.81, 16.61), (7.64, 8.32), (12.79, 14.6), (9.58, 12.09), (7.8, 6.12), (6.29, 23.9), (5.17, 21.41), (17.43, 10.46), (3.71, 0.22), (4.09, 14.74), (23.61, 13.79), (7.0, 24.31), (20.54, 14.66), (24.17, 1.3), (8.78, 22.67), (7.12, 22.86), (24.42, 18.44), (18.38, 13.45), (12.64, 13.83), (5.03, 21.4), (2.79, 19.89), (0.55, 12.07), (10.93, 19.79)]",1,[100],VRPRD,"[[0, 37, 80, 2, 78, 12, 44, 49, 45, 85, 72, 8, 4, 98, 74, 86, 27, 77, 54, 42, 41, 33, 21, 6, 96, 50, 35, 31, 91, 92, 13, 82, 88, 29, 34, 53, 26, 87, 11, 22, 30, 59, 61, 1, 38, 46, 16, 71, 39, 73, 62, 51, 43, 28, 84, 5, 75, 24, 79, 95, 0]]","[[[53, 93, 26], [38, 90, 46], [88, 58, 29], [8, 19, 4], [86, 63, 27], [4, 48, 98], [59, 68, 61], [87, 55, 11], [34, 66, 53], [78, 81, 12], [5, 40, 75], [39, 56, 73]]]","[[[71, 69, 57, 60, 3, 62], [51, 70, 7, 47, 32, 43], [31, 76, 14, 99, 36, 13], [28, 25, 23, 15, 10, 84], [5, 67, 94, 18, 89, 24], [41, 9, 97, 20, 83, 96], [50, 52, 17, 64, 65, 35]]]",[205],363.0,[38],205,363.0,4.6469,9.1846
20,6,"(25, 25)",100,"[(12.5, 12.5), (22.34, 17.3), (12.73, 21.57), (10.49, 15.71), (20.81, 1.08), (22.67, 9.59), (21.15, 4.97), (2.17, 14.72), (0.68, 3.36), (7.15, 6.9), (1.78, 13.34), (12.8, 11.86), (21.38, 14.91), (5.92, 2.95), (2.44, 13.48), (8.59, 4.63), (0.94, 6.44), (12.43, 16.34), (20.74, 11.78), (19.56, 5.11), (14.5, 5.01), (22.13, 18.0), (2.31, 24.19), (21.56, 15.77), (22.35, 7.94), (16.46, 1.19), (9.62, 11.94), (20.9, 15.55), (13.92, 17.35), (0.75, 12.0), (1.77, 9.78), (2.91, 15.38), (12.2, 20.46), (23.2, 6.84), (6.78, 21.68), (19.85, 7.08), (11.7, 21.31), (4.91, 16.65), (9.79, 14.35), (19.34, 15.59), (8.64, 9.79), (13.02, 6.44), (14.33, 13.49), (18.16, 16.1), (1.58, 21.62), (18.57, 14.66), (4.87, 6.99), (2.74, 16.25), (17.47, 2.74), (10.59, 6.19), (20.22, 3.92), (5.74, 7.96), (11.16, 5.42), (6.15, 13.28), (9.71, 23.3), (10.27, 21.34), (12.99, 22.25), (2.1, 11.59), (16.41, 16.07), (22.03, 16.73), (1.15, 21.74), (10.53, 8.81), (0.56, 22.95), (12.26, 15.98), (0.55, 7.39), (12.7, 10.17), (15.12, 7.78), (7.07, 19.06), (7.95, 21.26), (4.57, 0.42), (14.3, 19.43), (10.22, 12.57), (17.82, 2.9), (12.31, 6.92), (9.86, 1.48), (13.21, 19.23), (14.11, 10.15), (2.2, 16.59), (21.76, 6.81), (8.21, 16.12), (6.71, 18.04), (0.04, 18.32), (13.75, 1.93), (18.63, 22.69), (21.82, 3.08), (15.29, 10.95), (4.46, 15.01), (2.02, 8.69), (21.91, 22.0), (24.8, 7.84), (14.53, 7.78), (13.98, 6.0), (4.22, 16.97), (24.85, 1.36), (2.62, 19.18), (8.81, 17.72), (15.76, 18.95), (12.31, 13.46), (9.23, 3.51), (14.11, 2.29)]",1,[100],VRP,"[[0, 11, 65, 76, 85, 90, 66, 91, 41, 73, 61, 49, 52, 20, 82, 99, 25, 48, 72, 4, 93, 84, 6, 50, 19, 35, 78, 33, 89, 24, 5, 18, 12, 27, 23, 59, 1, 21, 88, 83, 56, 2, 32, 36, 55, 54, 68, 34, 22, 62, 60, 44, 94, 81, 29, 64, 16, 8, 69, 13, 74, 98, 15, 9, 51, 46, 87, 30, 57, 10, 14, 7, 77, 47, 31, 86, 92, 37, 80, 67, 95, 79, 3, 38, 53, 40, 26, 71, 97, 63, 17, 28, 75, 70, 96, 58, 43, 39, 45, 42, 0]]",,,[202],402.0,[0],202,402.0,4.1167,2.8154
21,6,"(25, 25)",100,"[(12.5, 12.5), (22.34, 17.3), (12.73, 21.57), (10.49, 15.71), (20.81, 1.08), (22.67, 9.59), (21.15, 4.97), (2.17, 14.72), (0.68, 3.36), (7.15, 6.9), (1.78, 13.34), (12.8, 11.86), (21.38, 14.91), (5.92, 2.95), (2.44, 13.48), (8.59, 4.63), (0.94, 6.44), (12.43, 16.34), (20.74, 11.78), (19.56, 5.11), (14.5, 5.01), (22.13, 18.0), (2.31, 24.19), (21.56, 15.77), (22.35, 7.94), (16.46, 1.19), (9.62, 11.94), (20.9, 15.55), (13.92, 17.35), (0.75, 12.0), (1.77, 9.78), (2.91, 15.38), (12.2, 20.46), (23.2, 6.84), (6.78, 21.68), (19.85, 7.08), (11.7, 21.31), (4.91, 16.65), (9.79, 14.35), (19.34, 15.59), (8.64, 9.79), (13.02, 6.44), (14.33, 13.49), (18.16, 16.1), (1.58, 21.62), (18.57, 14.66), (4.87, 6.99), (2.74, 16.25), (17.47, 2.74), (10.59, 6.19), (20.22, 3.92), (5.74, 7.96), (11.16, 5.42), (6.15, 13.28), (9.71, 23.3), (10.27, 21.34), (12.99, 22.25), (2.1, 11.59), (16.41, 16.07), (22.03, 16.73), (1.15, 21.74), (10.53, 8.81), (0.56, 22.95), (12.26, 15.98), (0.55, 7.39), (12.7, 10.17), (15.12, 7.78), (7.07, 19.06), (7.95, 21.26), (4.57, 0.42), (14.3, 19.43), (10.22, 12.57), (17.82, 2.9), (12.31, 6.92), (9.86, 1.48), (13.21, 19.23), (14.11, 10.15), (2.2, 16.59), (21.76, 6.81), (8.21, 16.12), (6.71, 18.04), (0.04, 18.32), (13.75, 1.93), (18.63, 22.69), (21.82, 3.08), (15.29, 10.95), (4.46, 15.01), (2.02, 8.69), (21.91, 22.0), (24.8, 7.84), (14.53, 7.78), (13.98, 6.0), (4.22, 16.97), (24.85, 1.36), (2.62, 19.18), (8.81, 17.72), (15.76, 18.95), (12.31, 13.46), (9.23, 3.51), (14.11, 2.29)]",1,[100],VRPD,"[[0, 11, 65, 76, 85, 90, 66, 91, 41, 73, 49, 52, 20, 82, 99, 48, 72, 4, 84, 6, 50, 19, 78, 33, 24, 5, 12, 27, 23, 59, 1, 21, 83, 56, 2, 32, 36, 55, 68, 34, 62, 60, 44, 94, 29, 64, 16, 69, 74, 98, 15, 51, 46, 87, 30, 57, 10, 14, 7, 77, 47, 31, 86, 92, 37, 80, 67, 95, 3, 38, 40, 26, 71, 97, 63, 17, 75, 70, 96, 43, 39, 45, 0]]","[[[4, 93, 84], [21, 88, 83], [16, 8, 69], [5, 18, 12], [69, 13, 74], [94, 81, 29], [38, 53, 40], [34, 22, 62], [73, 61, 49], [55, 54, 68], [45, 42, 0], [19, 35, 78], [33, 89, 24], [99, 25, 48], [17, 28, 75], [15, 9, 51], [96, 58, 43], [95, 79, 3]]]",,[178],363.0,[21.0],178,363.0,4.3385,4.3662
22,6,"(25, 25)",100,"[(12.5, 12.5), (22.34, 17.3), (12.73, 21.57), (10.49, 15.71), (20.81, 1.08), (22.67, 9.59), (21.15, 4.97), (2.17, 14.72), (0.68, 3.36), (7.15, 6.9), (1.78, 13.34), (12.8, 11.86), (21.38, 14.91), (5.92, 2.95), (2.44, 13.48), (8.59, 4.63), (0.94, 6.44), (12.43, 16.34), (20.74, 11.78), (19.56, 5.11), (14.5, 5.01), (22.13, 18.0), (2.31, 24.19), (21.56, 15.77), (22.35, 7.94), (16.46, 1.19), (9.62, 11.94), (20.9, 15.55), (13.92, 17.35), (0.75, 12.0), (1.77, 9.78), (2.91, 15.38), (12.2, 20.46), (23.2, 6.84), (6.78, 21.68), (19.85, 7.08), (11.7, 21.31), (4.91, 16.65), (9.79, 14.35), (19.34, 15.59), (8.64, 9.79), (13.02, 6.44), (14.33, 13.49), (18.16, 16.1), (1.58, 21.62), (18.57, 14.66), (4.87, 6.99), (2.74, 16.25), (17.47, 2.74), (10.59, 6.19), (20.22, 3.92), (5.74, 7.96), (11.16, 5.42), (6.15, 13.28), (9.71, 23.3), (10.27, 21.34), (12.99, 22.25), (2.1, 11.59), (16.41, 16.07), (22.03, 16.73), (1.15, 21.74), (10.53, 8.81), (0.56, 22.95), (12.26, 15.98), (0.55, 7.39), (12.7, 10.17), (15.12, 7.78), (7.07, 19.06), (7.95, 21.26), (4.57, 0.42), (14.3, 19.43), (10.22, 12.57), (17.82, 2.9), (12.31, 6.92), (9.86, 1.48), (13.21, 19.23), (14.11, 10.15), (2.2, 16.59), (21.76, 6.81), (8.21, 16.12), (6.71, 18.04), (0.04, 18.32), (13.75, 1.93), (18.63, 22.69), (21.82, 3.08), (15.29, 10.95), (4.46, 15.01), (2.02, 8.69), (21.91, 22.0), (24.8, 7.84), (14.53, 7.78), (13.98, 6.0), (4.22, 16.97), (24.85, 1.36), (2.62, 19.18), (8.81, 17.72), (15.76, 18.95), (12.31, 13.46), (9.23, 3.51), (14.11, 2.29)]",1,[100],VRPR,"[[0, 66, 90, 91, 20, 82, 99, 52, 25, 48, 72, 4, 93, 84, 6, 89, 24, 33, 5, 18, 12, 88, 21, 83, 56, 68, 54, 34, 22, 62, 60, 44, 94, 81, 29, 64, 16, 8, 69, 13, 74, 98, 15, 9, 51, 46, 87, 30, 57, 10, 86, 92, 31, 37, 80, 67, 95, 79, 3, 38, 53, 40, 26, 71, 97, 63, 58, 43, 96, 39, 45, 42, 0]]",,"[[[12, 27, 23, 59, 1, 21], [10, 14, 7, 77, 47, 31], [88, 2, 32, 36, 55, 54], [0, 11, 65, 76, 85, 90], [63, 17, 28, 75, 70, 96], [84, 50, 19, 35, 78, 33], [91, 41, 73, 61, 49, 52]]]",[228],380.0,[8.0],228,380.0,4.2048,10.7988
23,6,"(25, 25)",100,"[(12.5, 12.5), (22.34, 17.3), (12.73, 21.57), (10.49, 15.71), (20.81, 1.08), (22.67, 9.59), (21.15, 4.97), (2.17, 14.72), (0.68, 3.36), (7.15, 6.9), (1.78, 13.34), (12.8, 11.86), (21.38, 14.91), (5.92, 2.95), (2.44, 13.48), (8.59, 4.63), (0.94, 6.44), (12.43, 16.34), (20.74, 11.78), (19.56, 5.11), (14.5, 5.01), (22.13, 18.0), (2.31, 24.19), (21.56, 15.77), (22.35, 7.94), (16.46, 1.19), (9.62, 11.94), (20.9, 15.55), (13.92, 17.35), (0.75, 12.0), (1.77, 9.78), (2.91, 15.38), (12.2, 20.46), (23.2, 6.84), (6.78, 21.68), (19.85, 7.08), (11.7, 21.31), (4.91, 16.65), (9.79, 14.35), (19.34, 15.59), (8.64, 9.79), (13.02, 6.44), (14.33, 13.49), (18.16, 16.1), (1.58, 21.62), (18.57, 14.66), (4.87, 6.99), (2.74, 16.25), (17.47, 2.74), (10.59, 6.19), (20.22, 3.92), (5.74, 7.96), (11.16, 5.42), (6.15, 13.28), (9.71, 23.3), (10.27, 21.34), (12.99, 22.25), (2.1, 11.59), (16.41, 16.07), (22.03, 16.73), (1.15, 21.74), (10.53, 8.81), (0.56, 22.95), (12.26, 15.98), (0.55, 7.39), (12.7, 10.17), (15.12, 7.78), (7.07, 19.06), (7.95, 21.26), (4.57, 0.42), (14.3, 19.43), (10.22, 12.57), (17.82, 2.9), (12.31, 6.92), (9.86, 1.48), (13.21, 19.23), (14.11, 10.15), (2.2, 16.59), (21.76, 6.81), (8.21, 16.12), (6.71, 18.04), (0.04, 18.32), (13.75, 1.93), (18.63, 22.69), (21.82, 3.08), (15.29, 10.95), (4.46, 15.01), (2.02, 8.69), (21.91, 22.0), (24.8, 7.84), (14.53, 7.78), (13.98, 6.0), (4.22, 16.97), (24.85, 1.36), (2.62, 19.18), (8.81, 17.72), (15.76, 18.95), (12.31, 13.46), (9.23, 3.51), (14.11, 2.29)]",1,[100],VRPRD,"[[0, 66, 90, 91, 20, 82, 99, 52, 48, 72, 4, 84, 6, 24, 33, 5, 12, 88, 21, 56, 68, 54, 34, 62, 60, 44, 94, 29, 64, 16, 69, 74, 98, 15, 9, 51, 46, 87, 30, 57, 10, 86, 92, 31, 37, 80, 67, 95, 79, 3, 38, 40, 26, 71, 97, 63, 58, 43, 96, 39, 45, 0]]","[[[4, 93, 84], [21, 83, 56], [16, 8, 69], [5, 18, 12], [69, 13, 74], [94, 81, 29], [38, 53, 40], [34, 22, 62], [45, 42, 0], [6, 89, 24], [52, 25, 48]]]","[[[12, 27, 23, 59, 1, 21], [10, 14, 7, 77, 47, 31], [88, 2, 32, 36, 55, 54], [0, 11, 65, 76, 85, 90], [63, 17, 28, 75, 70, 96], [84, 50, 19, 35, 78, 33], [91, 41, 73, 61, 49, 52]]]",[207],356.0,[27],207,356.0,4.3325,10.2383
24,7,"(25, 25)",100,"[(12.5, 12.5), (15.29, 18.18), (5.25, 9.13), (20.55, 3.34), (17.55, 2.85), (9.42, 14.87), (15.5, 20.81), (18.33, 15.23), (5.55, 16.2), (18.4, 13.32), (4.72, 18.89), (23.96, 6.08), (23.27, 2.79), (20.32, 7.04), (2.26, 24.07), (4.13, 17.49), (13.5, 20.76), (13.92, 18.9), (20.12, 9.13), (12.61, 10.56), (22.6, 3.3), (11.21, 3.3), (7.66, 8.21), (3.89, 9.62), (21.92, 16.44), (12.97, 21.74), (1.23, 15.69), (7.99, 12.3), (3.94, 5.75), (21.23, 7.89), (20.04, 17.51), (18.29, 0.13), (16.81, 7.48), (24.45, 15.34), (10.26, 9.52), (1.82, 10.94), (11.99, 13.42), (8.38, 16.32), (2.72, 3.81), (21.34, 7.72), (12.91, 22.61), (9.03, 19.53), (12.46, 9.43), (0.05, 9.21), (9.75, 21.09), (11.92, 4.32), (0.56, 17.2), (11.46, 10.98), (13.41, 7.33), (4.84, 6.72), (5.14, 4.16), (23.2, 4.26), (1.45, 6.36), (19.79, 18.68), (19.24, 18.49), (19.92, 23.02), (15.19, 6.04), (0.37, 8.57), (7.24, 8.62), (3.76, 3.72), (1.08, 16.13), (23.41, 3.51), (5.56, 7.53), (21.32, 18.61), (20.46, 8.35), (20.39, 3.71), (2.86, 14.89), (4.94, 22.83), (19.66, 14.09), (13.35, 23.44), (22.59, 9.9), (21.73, 9.37), (13.81, 21.25), (5.6, 0.58), (5.42, 5.46), (7.59, 15.88), (5.24, 17.15), (1.7, 18.49), (2.14, 17.29), (9.46, 1.12), (3.71, 13.05), (3.69, 0.91), (11.62, 8.67), (19.82, 24.69), (11.23, 18.08), (1.02, 6.83), (19.0, 16.59), (5.04, 21.09), (16.88, 13.78), (2.72, 21.14), (12.14, 7.28), (16.07, 19.73), (23.01, 9.92), (17.56, 1.81), (22.04, 15.27), (23.31, 24.04), (21.48, 23.64), (18.06, 13.39), (17.32, 13.93), (15.81, 3.95)]",1,[100],VRP,"[[0, 36, 84, 41, 10, 15, 76, 8, 37, 75, 5, 27, 80, 23, 2, 62, 58, 22, 34, 45, 21, 79, 73, 81, 38, 59, 50, 74, 49, 28, 52, 85, 57, 43, 35, 66, 26, 60, 46, 78, 77, 89, 14, 67, 87, 44, 25, 40, 69, 16, 72, 17, 1, 91, 6, 55, 83, 95, 96, 63, 53, 54, 86, 30, 24, 33, 94, 68, 7, 9, 97, 88, 98, 32, 13, 29, 39, 64, 18, 71, 70, 92, 11, 51, 61, 12, 20, 3, 65, 31, 93, 4, 99, 56, 48, 90, 82, 42, 19, 47, 0]]",,,[188],388.0,[0],188,388.0,3.0549,2.8193
25,7,"(25, 25)",100,"[(12.5, 12.5), (15.29, 18.18), (5.25, 9.13), (20.55, 3.34), (17.55, 2.85), (9.42, 14.87), (15.5, 20.81), (18.33, 15.23), (5.55, 16.2), (18.4, 13.32), (4.72, 18.89), (23.96, 6.08), (23.27, 2.79), (20.32, 7.04), (2.26, 24.07), (4.13, 17.49), (13.5, 20.76), (13.92, 18.9), (20.12, 9.13), (12.61, 10.56), (22.6, 3.3), (11.21, 3.3), (7.66, 8.21), (3.89, 9.62), (21.92, 16.44), (12.97, 21.74), (1.23, 15.69), (7.99, 12.3), (3.94, 5.75), (21.23, 7.89), (20.04, 17.51), (18.29, 0.13), (16.81, 7.48), (24.45, 15.34), (10.26, 9.52), (1.82, 10.94), (11.99, 13.42), (8.38, 16.32), (2.72, 3.81), (21.34, 7.72), (12.91, 22.61), (9.03, 19.53), (12.46, 9.43), (0.05, 9.21), (9.75, 21.09), (11.92, 4.32), (0.56, 17.2), (11.46, 10.98), (13.41, 7.33), (4.84, 6.72), (5.14, 4.16), (23.2, 4.26), (1.45, 6.36), (19.79, 18.68), (19.24, 18.49), (19.92, 23.02), (15.19, 6.04), (0.37, 8.57), (7.24, 8.62), (3.76, 3.72), (1.08, 16.13), (23.41, 3.51), (5.56, 7.53), (21.32, 18.61), (20.46, 8.35), (20.39, 3.71), (2.86, 14.89), (4.94, 22.83), (19.66, 14.09), (13.35, 23.44), (22.59, 9.9), (21.73, 9.37), (13.81, 21.25), (5.6, 0.58), (5.42, 5.46), (7.59, 15.88), (5.24, 17.15), (1.7, 18.49), (2.14, 17.29), (9.46, 1.12), (3.71, 13.05), (3.69, 0.91), (11.62, 8.67), (19.82, 24.69), (11.23, 18.08), (1.02, 6.83), (19.0, 16.59), (5.04, 21.09), (16.88, 13.78), (2.72, 21.14), (12.14, 7.28), (16.07, 19.73), (23.01, 9.92), (17.56, 1.81), (22.04, 15.27), (23.31, 24.04), (21.48, 23.64), (18.06, 13.39), (17.32, 13.93), (15.81, 3.95)]",1,[100],VRPD,"[[0, 36, 41, 10, 15, 76, 8, 37, 75, 5, 80, 23, 2, 62, 58, 22, 34, 45, 21, 73, 38, 59, 50, 74, 49, 28, 52, 85, 57, 43, 66, 26, 60, 46, 78, 77, 89, 67, 44, 25, 40, 69, 16, 72, 17, 1, 91, 6, 83, 96, 63, 53, 54, 86, 30, 24, 94, 68, 7, 9, 97, 88, 98, 13, 29, 39, 64, 18, 71, 70, 92, 51, 61, 12, 20, 3, 65, 93, 4, 99, 48, 90, 82, 42, 19, 47, 0]]","[[[89, 14, 67], [5, 27, 80], [21, 79, 73], [36, 84, 41], [43, 35, 66], [24, 33, 94], [98, 32, 13], [99, 56, 48], [92, 11, 51], [73, 81, 38], [83, 95, 96], [65, 31, 93], [67, 87, 44], [6, 55, 83]]]",,[178],359.0,[9.0],178,359.0,3.1923,4.127
26,7,"(25, 25)",100,"[(12.5, 12.5), (15.29, 18.18), (5.25, 9.13), (20.55, 3.34), (17.55, 2.85), (9.42, 14.87), (15.5, 20.81), (18.33, 15.23), (5.55, 16.2), (18.4, 13.32), (4.72, 18.89), (23.96, 6.08), (23.27, 2.79), (20.32, 7.04), (2.26, 24.07), (4.13, 17.49), (13.5, 20.76), (13.92, 18.9), (20.12, 9.13), (12.61, 10.56), (22.6, 3.3), (11.21, 3.3), (7.66, 8.21), (3.89, 9.62), (21.92, 16.44), (12.97, 21.74), (1.23, 15.69), (7.99, 12.3), (3.94, 5.75), (21.23, 7.89), (20.04, 17.51), (18.29, 0.13), (16.81, 7.48), (24.45, 15.34), (10.26, 9.52), (1.82, 10.94), (11.99, 13.42), (8.38, 16.32), (2.72, 3.81), (21.34, 7.72), (12.91, 22.61), (9.03, 19.53), (12.46, 9.43), (0.05, 9.21), (9.75, 21.09), (11.92, 4.32), (0.56, 17.2), (11.46, 10.98), (13.41, 7.33), (4.84, 6.72), (5.14, 4.16), (23.2, 4.26), (1.45, 6.36), (19.79, 18.68), (19.24, 18.49), (19.92, 23.02), (15.19, 6.04), (0.37, 8.57), (7.24, 8.62), (3.76, 3.72), (1.08, 16.13), (23.41, 3.51), (5.56, 7.53), (21.32, 18.61), (20.46, 8.35), (20.39, 3.71), (2.86, 14.89), (4.94, 22.83), (19.66, 14.09), (13.35, 23.44), (22.59, 9.9), (21.73, 9.37), (13.81, 21.25), (5.6, 0.58), (5.42, 5.46), (7.59, 15.88), (5.24, 17.15), (1.7, 18.49), (2.14, 17.29), (9.46, 1.12), (3.71, 13.05), (3.69, 0.91), (11.62, 8.67), (19.82, 24.69), (11.23, 18.08), (1.02, 6.83), (19.0, 16.59), (5.04, 21.09), (16.88, 13.78), (2.72, 21.14), (12.14, 7.28), (16.07, 19.73), (23.01, 9.92), (17.56, 1.81), (22.04, 15.27), (23.31, 24.04), (21.48, 23.64), (18.06, 13.39), (17.32, 13.93), (15.81, 3.95)]",1,[100],VRPR,"[[0, 36, 84, 41, 10, 5, 75, 27, 80, 34, 22, 45, 21, 79, 73, 81, 38, 52, 85, 28, 57, 43, 35, 66, 89, 77, 14, 67, 87, 44, 25, 1, 91, 17, 6, 55, 83, 95, 96, 63, 33, 94, 24, 68, 32, 98, 13, 70, 92, 71, 11, 51, 31, 65, 93, 4, 99, 56, 48, 47, 0]]",,"[[[51, 61, 12, 20, 3, 65], [68, 7, 9, 97, 88, 98], [32, 29, 39, 64, 18, 71], [81, 59, 50, 74, 49, 28], [35, 26, 60, 46, 78, 77], [25, 40, 69, 16, 72, 17], [31, 90, 82, 42, 19, 47], [84, 15, 76, 8, 37, 75], [96, 53, 54, 86, 30, 24], [80, 23, 2, 62, 58, 22]]]",[224],348.0,[4.0],224,348.0,3.0877,10.9648
27,7,"(25, 25)",100,"[(12.5, 12.5), (15.29, 18.18), (5.25, 9.13), (20.55, 3.34), (17.55, 2.85), (9.42, 14.87), (15.5, 20.81), (18.33, 15.23), (5.55, 16.2), (18.4, 13.32), (4.72, 18.89), (23.96, 6.08), (23.27, 2.79), (20.32, 7.04), (2.26, 24.07), (4.13, 17.49), (13.5, 20.76), (13.92, 18.9), (20.12, 9.13), (12.61, 10.56), (22.6, 3.3), (11.21, 3.3), (7.66, 8.21), (3.89, 9.62), (21.92, 16.44), (12.97, 21.74), (1.23, 15.69), (7.99, 12.3), (3.94, 5.75), (21.23, 7.89), (20.04, 17.51), (18.29, 0.13), (16.81, 7.48), (24.45, 15.34), (10.26, 9.52), (1.82, 10.94), (11.99, 13.42), (8.38, 16.32), (2.72, 3.81), (21.34, 7.72), (12.91, 22.61), (9.03, 19.53), (12.46, 9.43), (0.05, 9.21), (9.75, 21.09), (11.92, 4.32), (0.56, 17.2), (11.46, 10.98), (13.41, 7.33), (4.84, 6.72), (5.14, 4.16), (23.2, 4.26), (1.45, 6.36), (19.79, 18.68), (19.24, 18.49), (19.92, 23.02), (15.19, 6.04), (0.37, 8.57), (7.24, 8.62), (3.76, 3.72), (1.08, 16.13), (23.41, 3.51), (5.56, 7.53), (21.32, 18.61), (20.46, 8.35), (20.39, 3.71), (2.86, 14.89), (4.94, 22.83), (19.66, 14.09), (13.35, 23.44), (22.59, 9.9), (21.73, 9.37), (13.81, 21.25), (5.6, 0.58), (5.42, 5.46), (7.59, 15.88), (5.24, 17.15), (1.7, 18.49), (2.14, 17.29), (9.46, 1.12), (3.71, 13.05), (3.69, 0.91), (11.62, 8.67), (19.82, 24.69), (11.23, 18.08), (1.02, 6.83), (19.0, 16.59), (5.04, 21.09), (16.88, 13.78), (2.72, 21.14), (12.14, 7.28), (16.07, 19.73), (23.01, 9.92), (17.56, 1.81), (22.04, 15.27), (23.31, 24.04), (21.48, 23.64), (18.06, 13.39), (17.32, 13.93), (15.81, 3.95)]",1,[100],VRPRD,"[[0, 36, 84, 41, 10, 5, 75, 80, 34, 22, 45, 21, 73, 81, 38, 52, 85, 28, 57, 43, 35, 66, 77, 67, 87, 44, 25, 1, 91, 17, 6, 55, 83, 96, 63, 94, 24, 68, 32, 98, 13, 70, 92, 71, 51, 31, 65, 93, 4, 99, 48, 47, 0]]","[[[77, 14, 67], [75, 27, 80], [21, 79, 73], [63, 33, 94], [66, 89, 77], [99, 56, 48], [71, 11, 51], [83, 95, 96]]]","[[[51, 61, 12, 20, 3, 65], [68, 7, 9, 97, 88, 98], [32, 29, 39, 64, 18, 71], [81, 59, 50, 74, 49, 28], [35, 26, 60, 46, 78, 77], [25, 40, 69, 16, 72, 17], [31, 90, 82, 42, 19, 47], [84, 15, 76, 8, 37, 75], [96, 53, 54, 86, 30, 24], [80, 23, 2, 62, 58, 22]]]",[207],335.0,[24],207,335.0,3.1635,9.8848
28,8,"(25, 25)",100,"[(12.5, 12.5), (9.85, 1.43), (7.84, 7.05), (13.79, 20.17), (17.56, 16.02), (4.04, 5.69), (18.41, 22.21), (12.21, 11.51), (4.89, 1.83), (22.73, 2.36), (24.71, 6.76), (14.88, 3.93), (8.79, 13.14), (11.22, 7.99), (3.62, 12.15), (20.86, 17.15), (17.86, 9.97), (0.21, 1.11), (20.25, 18.73), (11.52, 1.34), (3.1, 11.24), (9.56, 12.49), (1.35, 14.98), (24.46, 1.01), (4.96, 8.64), (24.94, 14.08), (11.06, 16.98), (23.75, 12.85), (23.38, 9.04), (23.68, 23.49), (3.86, 19.31), (0.55, 2.19), (24.41, 4.22), (0.68, 9.09), (21.55, 1.88), (24.74, 23.62), (5.09, 18.92), (1.44, 14.77), (6.42, 6.39), (12.36, 9.36), (0.06, 1.68), (17.13, 16.27), (18.01, 22.34), (20.21, 13.83), (20.0, 5.45), (16.68, 7.44), (9.5, 13.83), (19.07, 17.89), (14.82, 0.98), (9.76, 11.11), (14.99, 8.18), (7.8, 23.74), (3.32, 12.32), (22.6, 2.56), (13.14, 6.56), (3.48, 16.22), (21.72, 12.08), (3.16, 7.83), (9.58, 10.02), (7.45, 10.06), (8.26, 8.48), (7.39, 23.03), (13.84, 18.33), (0.2, 9.35), (17.09, 14.54), (4.85, 8.65), (17.57, 14.1), (21.0, 22.16), (11.14, 20.5), (13.88, 23.23), (15.38, 4.66), (3.28, 23.66), (9.23, 20.56), (10.36, 22.84), (21.6, 11.98), (7.92, 1.11), (18.8, 7.59), (4.39, 10.3), (23.08, 1.35), (0.72, 12.47), (13.47, 3.99), (12.52, 15.61), (2.24, 7.17), (24.07, 1.49), (3.98, 0.93), (24.4, 24.14), (2.15, 2.92), (18.53, 3.51), (21.16, 5.45), (0.04, 6.83), (14.0, 10.34), (12.36, 14.53), (13.68, 13.41), (21.06, 17.21), (6.39, 21.96), (8.07, 23.76), (20.71, 5.03), (24.14, 2.92), (19.01, 15.1), (13.88, 20.3)]",1,[100],VRP,"[[0, 92, 91, 81, 26, 68, 72, 73, 95, 51, 61, 94, 71, 30, 36, 55, 22, 37, 79, 63, 33, 89, 82, 57, 5, 86, 31, 40, 17, 84, 8, 75, 1, 19, 48, 87, 44, 96, 88, 34, 9, 53, 78, 23, 83, 97, 32, 10, 28, 74, 56, 27, 25, 43, 98, 47, 93, 15, 18, 29, 85, 35, 67, 6, 42, 69, 99, 3, 62, 41, 4, 64, 66, 16, 76, 45, 50, 70, 11, 80, 54, 90, 7, 39, 13, 60, 2, 38, 65, 24, 77, 14, 52, 20, 59, 58, 49, 46, 12, 21, 0]]",,,[199],399.0,[0],199,399.0,3.8795,2.8799
29,8,"(25, 25)",100,"[(12.5, 12.5), (9.85, 1.43), (7.84, 7.05), (13.79, 20.17), (17.56, 16.02), (4.04, 5.69), (18.41, 22.21), (12.21, 11.51), (4.89, 1.83), (22.73, 2.36), (24.71, 6.76), (14.88, 3.93), (8.79, 13.14), (11.22, 7.99), (3.62, 12.15), (20.86, 17.15), (17.86, 9.97), (0.21, 1.11), (20.25, 18.73), (11.52, 1.34), (3.1, 11.24), (9.56, 12.49), (1.35, 14.98), (24.46, 1.01), (4.96, 8.64), (24.94, 14.08), (11.06, 16.98), (23.75, 12.85), (23.38, 9.04), (23.68, 23.49), (3.86, 19.31), (0.55, 2.19), (24.41, 4.22), (0.68, 9.09), (21.55, 1.88), (24.74, 23.62), (5.09, 18.92), (1.44, 14.77), (6.42, 6.39), (12.36, 9.36), (0.06, 1.68), (17.13, 16.27), (18.01, 22.34), (20.21, 13.83), (20.0, 5.45), (16.68, 7.44), (9.5, 13.83), (19.07, 17.89), (14.82, 0.98), (9.76, 11.11), (14.99, 8.18), (7.8, 23.74), (3.32, 12.32), (22.6, 2.56), (13.14, 6.56), (3.48, 16.22), (21.72, 12.08), (3.16, 7.83), (9.58, 10.02), (7.45, 10.06), (8.26, 8.48), (7.39, 23.03), (13.84, 18.33), (0.2, 9.35), (17.09, 14.54), (4.85, 8.65), (17.57, 14.1), (21.0, 22.16), (11.14, 20.5), (13.88, 23.23), (15.38, 4.66), (3.28, 23.66), (9.23, 20.56), (10.36, 22.84), (21.6, 11.98), (7.92, 1.11), (18.8, 7.59), (4.39, 10.3), (23.08, 1.35), (0.72, 12.47), (13.47, 3.99), (12.52, 15.61), (2.24, 7.17), (24.07, 1.49), (3.98, 0.93), (24.4, 24.14), (2.15, 2.92), (18.53, 3.51), (21.16, 5.45), (0.04, 6.83), (14.0, 10.34), (12.36, 14.53), (13.68, 13.41), (21.06, 17.21), (6.39, 21.96), (8.07, 23.76), (20.71, 5.03), (24.14, 2.92), (19.01, 15.1), (13.88, 20.3)]",1,[100],VRPD,"[[0, 92, 91, 81, 68, 72, 95, 51, 61, 94, 30, 36, 22, 37, 63, 33, 82, 57, 86, 31, 40, 17, 84, 8, 1, 19, 87, 44, 96, 88, 34, 9, 53, 78, 23, 83, 97, 32, 10, 74, 56, 27, 25, 43, 98, 47, 93, 15, 18, 29, 85, 35, 6, 42, 99, 3, 41, 4, 64, 66, 76, 45, 70, 11, 80, 90, 7, 39, 60, 2, 38, 65, 24, 77, 14, 52, 20, 58, 49, 46, 12, 21, 0]]","[[[94, 71, 30], [19, 48, 87], [42, 69, 99], [10, 28, 74], [35, 67, 6], [66, 16, 76], [72, 73, 95], [36, 55, 22], [37, 79, 63], [80, 54, 90], [57, 5, 86], [33, 89, 82], [81, 26, 68], [8, 75, 1], [3, 62, 41], [45, 50, 70], [20, 59, 58], [39, 13, 60]]]",,[191],358.0,[3.0],191,358.0,4.0258,4.335
30,8,"(25, 25)",100,"[(12.5, 12.5), (9.85, 1.43), (7.84, 7.05), (13.79, 20.17), (17.56, 16.02), (4.04, 5.69), (18.41, 22.21), (12.21, 11.51), (4.89, 1.83), (22.73, 2.36), (24.71, 6.76), (14.88, 3.93), (8.79, 13.14), (11.22, 7.99), (3.62, 12.15), (20.86, 17.15), (17.86, 9.97), (0.21, 1.11), (20.25, 18.73), (11.52, 1.34), (3.1, 11.24), (9.56, 12.49), (1.35, 14.98), (24.46, 1.01), (4.96, 8.64), (24.94, 14.08), (11.06, 16.98), (23.75, 12.85), (23.38, 9.04), (23.68, 23.49), (3.86, 19.31), (0.55, 2.19), (24.41, 4.22), (0.68, 9.09), (21.55, 1.88), (24.74, 23.62), (5.09, 18.92), (1.44, 14.77), (6.42, 6.39), (12.36, 9.36), (0.06, 1.68), (17.13, 16.27), (18.01, 22.34), (20.21, 13.83), (20.0, 5.45), (16.68, 7.44), (9.5, 13.83), (19.07, 17.89), (14.82, 0.98), (9.76, 11.11), (14.99, 8.18), (7.8, 23.74), (3.32, 12.32), (22.6, 2.56), (13.14, 6.56), (3.48, 16.22), (21.72, 12.08), (3.16, 7.83), (9.58, 10.02), (7.45, 10.06), (8.26, 8.48), (7.39, 23.03), (13.84, 18.33), (0.2, 9.35), (17.09, 14.54), (4.85, 8.65), (17.57, 14.1), (21.0, 22.16), (11.14, 20.5), (13.88, 23.23), (15.38, 4.66), (3.28, 23.66), (9.23, 20.56), (10.36, 22.84), (21.6, 11.98), (7.92, 1.11), (18.8, 7.59), (4.39, 10.3), (23.08, 1.35), (0.72, 12.47), (13.47, 3.99), (12.52, 15.61), (2.24, 7.17), (24.07, 1.49), (3.98, 0.93), (24.4, 24.14), (2.15, 2.92), (18.53, 3.51), (21.16, 5.45), (0.04, 6.83), (14.0, 10.34), (12.36, 14.53), (13.68, 13.41), (21.06, 17.21), (6.39, 21.96), (8.07, 23.76), (20.71, 5.03), (24.14, 2.92), (19.01, 15.1), (13.88, 20.3)]",1,[100],VRPR,"[[0, 92, 91, 81, 26, 68, 94, 71, 61, 30, 36, 55, 22, 82, 89, 57, 5, 86, 75, 8, 1, 19, 48, 87, 44, 96, 88, 34, 97, 32, 83, 10, 28, 74, 56, 27, 25, 43, 18, 29, 69, 42, 99, 66, 64, 16, 76, 45, 50, 70, 11, 80, 54, 90, 7, 39, 13, 60, 2, 38, 65, 20, 59, 21, 0]]",,"[[[34, 9, 53, 78, 23, 83], [13, 24, 77, 14, 52, 20], [57, 31, 40, 17, 84, 8], [99, 3, 62, 41, 4, 64], [59, 58, 49, 46, 12, 21], [68, 72, 73, 95, 51, 61], [30, 37, 79, 63, 33, 89], [74, 98, 47, 93, 15, 18], [29, 85, 35, 67, 6, 42]]]",[214],358.0,[16.0],214,358.0,3.9036,10.9111
31,8,"(25, 25)",100,"[(12.5, 12.5), (9.85, 1.43), (7.84, 7.05), (13.79, 20.17), (17.56, 16.02), (4.04, 5.69), (18.41, 22.21), (12.21, 11.51), (4.89, 1.83), (22.73, 2.36), (24.71, 6.76), (14.88, 3.93), (8.79, 13.14), (11.22, 7.99), (3.62, 12.15), (20.86, 17.15), (17.86, 9.97), (0.21, 1.11), (20.25, 18.73), (11.52, 1.34), (3.1, 11.24), (9.56, 12.49), (1.35, 14.98), (24.46, 1.01), (4.96, 8.64), (24.94, 14.08), (11.06, 16.98), (23.75, 12.85), (23.38, 9.04), (23.68, 23.49), (3.86, 19.31), (0.55, 2.19), (24.41, 4.22), (0.68, 9.09), (21.55, 1.88), (24.74, 23.62), (5.09, 18.92), (1.44, 14.77), (6.42, 6.39), (12.36, 9.36), (0.06, 1.68), (17.13, 16.27), (18.01, 22.34), (20.21, 13.83), (20.0, 5.45), (16.68, 7.44), (9.5, 13.83), (19.07, 17.89), (14.82, 0.98), (9.76, 11.11), (14.99, 8.18), (7.8, 23.74), (3.32, 12.32), (22.6, 2.56), (13.14, 6.56), (3.48, 16.22), (21.72, 12.08), (3.16, 7.83), (9.58, 10.02), (7.45, 10.06), (8.26, 8.48), (7.39, 23.03), (13.84, 18.33), (0.2, 9.35), (17.09, 14.54), (4.85, 8.65), (17.57, 14.1), (21.0, 22.16), (11.14, 20.5), (13.88, 23.23), (15.38, 4.66), (3.28, 23.66), (9.23, 20.56), (10.36, 22.84), (21.6, 11.98), (7.92, 1.11), (18.8, 7.59), (4.39, 10.3), (23.08, 1.35), (0.72, 12.47), (13.47, 3.99), (12.52, 15.61), (2.24, 7.17), (24.07, 1.49), (3.98, 0.93), (24.4, 24.14), (2.15, 2.92), (18.53, 3.51), (21.16, 5.45), (0.04, 6.83), (14.0, 10.34), (12.36, 14.53), (13.68, 13.41), (21.06, 17.21), (6.39, 21.96), (8.07, 23.76), (20.71, 5.03), (24.14, 2.92), (19.01, 15.1), (13.88, 20.3)]",1,[100],VRPRD,"[[0, 92, 91, 81, 68, 94, 61, 30, 36, 22, 82, 89, 57, 86, 8, 1, 19, 87, 44, 96, 88, 34, 97, 32, 83, 10, 74, 56, 27, 25, 43, 18, 29, 42, 99, 66, 64, 76, 45, 50, 70, 11, 80, 90, 7, 39, 13, 60, 2, 38, 65, 20, 59, 21, 0]]","[[[94, 71, 61], [19, 48, 87], [29, 69, 42], [10, 28, 74], [64, 16, 76], [36, 55, 22], [80, 54, 90], [57, 5, 86], [81, 26, 68], [86, 75, 8]]]","[[[34, 9, 53, 78, 23, 83], [13, 24, 77, 14, 52, 20], [57, 31, 40, 17, 84, 8], [99, 3, 62, 41, 4, 64], [59, 58, 49, 46, 12, 21], [68, 72, 73, 95, 51, 61], [30, 37, 79, 63, 33, 89], [74, 98, 47, 93, 15, 18], [29, 85, 35, 67, 6, 42]]]",[192],355.0,[55],192,355.0,4.9026,9.918
32,9,"(25, 25)",100,"[(12.5, 12.5), (18.13, 6.98), (11.3, 20.92), (15.4, 8.15), (5.14, 0.44), (2.46, 8.68), (15.46, 5.77), (13.59, 16.23), (15.92, 8.67), (18.68, 14.37), (4.01, 21.08), (12.39, 23.94), (5.68, 9.8), (3.45, 17.74), (25.0, 21.42), (8.44, 17.75), (0.66, 0.86), (23.01, 6.49), (9.57, 12.13), (4.98, 7.75), (24.83, 24.87), (11.18, 21.66), (4.96, 16.61), (9.73, 17.88), (17.33, 3.39), (17.39, 14.67), (13.74, 6.41), (23.31, 3.38), (14.9, 3.09), (11.77, 18.25), (10.14, 11.28), (1.84, 19.82), (11.6, 8.27), (5.06, 11.32), (23.91, 15.55), (10.0, 23.24), (17.48, 15.61), (0.05, 16.93), (15.5, 10.67), (24.9, 2.27), (20.87, 11.97), (3.24, 20.45), (9.21, 3.04), (9.08, 1.88), (6.21, 21.06), (9.44, 14.18), (20.38, 18.65), (3.08, 21.84), (12.55, 10.29), (5.35, 0.89), (3.04, 18.44), (19.35, 23.19), (1.71, 10.49), (9.26, 18.04), (6.88, 18.68), (7.35, 8.02), (2.97, 20.81), (10.78, 0.18), (11.41, 0.77), (23.04, 24.6), (12.99, 17.99), (15.34, 9.84), (6.69, 23.94), (19.01, 9.57), (17.9, 11.21), (0.29, 15.77), (8.85, 24.16), (15.2, 9.17), (0.94, 16.83), (22.57, 17.43), (15.7, 6.95), (9.18, 19.86), (0.87, 9.4), (0.34, 11.88), (3.39, 12.84), (19.55, 21.63), (18.64, 8.06), (12.9, 23.41), (22.62, 18.92), (20.5, 16.88), (22.85, 14.77), (4.72, 1.69), (0.17, 15.36), (8.1, 7.13), (12.54, 12.57), (0.45, 11.86), (14.71, 16.71), (13.26, 19.54), (8.9, 3.83), (17.95, 22.82), (7.41, 0.72), (22.49, 5.04), (24.18, 5.7), (6.76, 4.59), (8.3, 11.32), (3.21, 2.13), (4.6, 18.49), (12.29, 1.45), (12.99, 0.24), (15.04, 20.32)]",1,[100],VRP,"[[0, 48, 32, 26, 6, 70, 3, 8, 67, 61, 38, 64, 63, 76, 1, 91, 17, 92, 39, 27, 24, 28, 98, 97, 58, 57, 90, 49, 4, 81, 95, 16, 5, 72, 52, 85, 73, 82, 65, 37, 68, 31, 50, 96, 54, 22, 13, 41, 56, 47, 10, 44, 62, 66, 35, 71, 15, 23, 53, 29, 60, 87, 2, 21, 11, 77, 89, 51, 59, 20, 14, 34, 80, 40, 9, 25, 36, 79, 69, 78, 46, 75, 99, 86, 7, 45, 18, 74, 33, 12, 19, 55, 42, 43, 88, 93, 83, 94, 30, 84, 0]]",,,[219],419.0,[0],219,419.0,3.9126,2.8799
33,9,"(25, 25)",100,"[(12.5, 12.5), (18.13, 6.98), (11.3, 20.92), (15.4, 8.15), (5.14, 0.44), (2.46, 8.68), (15.46, 5.77), (13.59, 16.23), (15.92, 8.67), (18.68, 14.37), (4.01, 21.08), (12.39, 23.94), (5.68, 9.8), (3.45, 17.74), (25.0, 21.42), (8.44, 17.75), (0.66, 0.86), (23.01, 6.49), (9.57, 12.13), (4.98, 7.75), (24.83, 24.87), (11.18, 21.66), (4.96, 16.61), (9.73, 17.88), (17.33, 3.39), (17.39, 14.67), (13.74, 6.41), (23.31, 3.38), (14.9, 3.09), (11.77, 18.25), (10.14, 11.28), (1.84, 19.82), (11.6, 8.27), (5.06, 11.32), (23.91, 15.55), (10.0, 23.24), (17.48, 15.61), (0.05, 16.93), (15.5, 10.67), (24.9, 2.27), (20.87, 11.97), (3.24, 20.45), (9.21, 3.04), (9.08, 1.88), (6.21, 21.06), (9.44, 14.18), (20.38, 18.65), (3.08, 21.84), (12.55, 10.29), (5.35, 0.89), (3.04, 18.44), (19.35, 23.19), (1.71, 10.49), (9.26, 18.04), (6.88, 18.68), (7.35, 8.02), (2.97, 20.81), (10.78, 0.18), (11.41, 0.77), (23.04, 24.6), (12.99, 17.99), (15.34, 9.84), (6.69, 23.94), (19.01, 9.57), (17.9, 11.21), (0.29, 15.77), (8.85, 24.16), (15.2, 9.17), (0.94, 16.83), (22.57, 17.43), (15.7, 6.95), (9.18, 19.86), (0.87, 9.4), (0.34, 11.88), (3.39, 12.84), (19.55, 21.63), (18.64, 8.06), (12.9, 23.41), (22.62, 18.92), (20.5, 16.88), (22.85, 14.77), (4.72, 1.69), (0.17, 15.36), (8.1, 7.13), (12.54, 12.57), (0.45, 11.86), (14.71, 16.71), (13.26, 19.54), (8.9, 3.83), (17.95, 22.82), (7.41, 0.72), (22.49, 5.04), (24.18, 5.7), (6.76, 4.59), (8.3, 11.32), (3.21, 2.13), (4.6, 18.49), (12.29, 1.45), (12.99, 0.24), (15.04, 20.32)]",1,[100],VRPD,"[[0, 48, 26, 6, 70, 3, 8, 67, 61, 38, 63, 76, 1, 91, 17, 92, 27, 24, 98, 97, 58, 57, 49, 4, 81, 95, 5, 72, 52, 85, 73, 82, 65, 37, 68, 31, 50, 96, 54, 13, 41, 56, 47, 10, 62, 66, 35, 15, 23, 53, 29, 60, 87, 2, 21, 11, 77, 89, 51, 20, 34, 80, 9, 25, 36, 69, 78, 46, 75, 86, 7, 18, 33, 12, 55, 42, 43, 88, 83, 94, 30, 84, 0]]","[[[20, 14, 34], [80, 40, 9], [95, 16, 5], [24, 28, 98], [88, 93, 83], [18, 74, 33], [48, 32, 26], [10, 44, 62], [12, 19, 55], [7, 45, 18], [57, 90, 49], [38, 64, 63], [92, 39, 27], [75, 99, 86], [54, 22, 13], [35, 71, 15], [51, 59, 20], [36, 79, 69]]]",,[204],377.0,[9.0],204,377.0,3.9059,4.7412
34,9,"(25, 25)",100,"[(12.5, 12.5), (18.13, 6.98), (11.3, 20.92), (15.4, 8.15), (5.14, 0.44), (2.46, 8.68), (15.46, 5.77), (13.59, 16.23), (15.92, 8.67), (18.68, 14.37), (4.01, 21.08), (12.39, 23.94), (5.68, 9.8), (3.45, 17.74), (25.0, 21.42), (8.44, 17.75), (0.66, 0.86), (23.01, 6.49), (9.57, 12.13), (4.98, 7.75), (24.83, 24.87), (11.18, 21.66), (4.96, 16.61), (9.73, 17.88), (17.33, 3.39), (17.39, 14.67), (13.74, 6.41), (23.31, 3.38), (14.9, 3.09), (11.77, 18.25), (10.14, 11.28), (1.84, 19.82), (11.6, 8.27), (5.06, 11.32), (23.91, 15.55), (10.0, 23.24), (17.48, 15.61), (0.05, 16.93), (15.5, 10.67), (24.9, 2.27), (20.87, 11.97), (3.24, 20.45), (9.21, 3.04), (9.08, 1.88), (6.21, 21.06), (9.44, 14.18), (20.38, 18.65), (3.08, 21.84), (12.55, 10.29), (5.35, 0.89), (3.04, 18.44), (19.35, 23.19), (1.71, 10.49), (9.26, 18.04), (6.88, 18.68), (7.35, 8.02), (2.97, 20.81), (10.78, 0.18), (11.41, 0.77), (23.04, 24.6), (12.99, 17.99), (15.34, 9.84), (6.69, 23.94), (19.01, 9.57), (17.9, 11.21), (0.29, 15.77), (8.85, 24.16), (15.2, 9.17), (0.94, 16.83), (22.57, 17.43), (15.7, 6.95), (9.18, 19.86), (0.87, 9.4), (0.34, 11.88), (3.39, 12.84), (19.55, 21.63), (18.64, 8.06), (12.9, 23.41), (22.62, 18.92), (20.5, 16.88), (22.85, 14.77), (4.72, 1.69), (0.17, 15.36), (8.1, 7.13), (12.54, 12.57), (0.45, 11.86), (14.71, 16.71), (13.26, 19.54), (8.9, 3.83), (17.95, 22.82), (7.41, 0.72), (22.49, 5.04), (24.18, 5.7), (6.76, 4.59), (8.3, 11.32), (3.21, 2.13), (4.6, 18.49), (12.29, 1.45), (12.99, 0.24), (15.04, 20.32)]",1,[100],VRPR,"[[0, 48, 32, 26, 6, 70, 64, 38, 63, 76, 1, 91, 17, 92, 39, 27, 24, 28, 98, 97, 81, 95, 4, 16, 5, 72, 52, 85, 31, 68, 50, 96, 54, 22, 44, 62, 10, 66, 35, 71, 15, 2, 21, 87, 11, 77, 89, 51, 59, 20, 14, 34, 80, 40, 9, 25, 36, 79, 69, 78, 46, 75, 99, 86, 7, 45, 18, 74, 33, 12, 19, 55, 42, 43, 88, 93, 83, 94, 30, 84, 0]]",,"[[[6, 3, 8, 67, 61, 38], [85, 73, 82, 65, 37, 68], [15, 23, 53, 29, 60, 87], [22, 13, 41, 56, 47, 10], [97, 58, 57, 90, 49, 4]]]",[244],405.0,[1.0],244,405.0,3.833,11.0635
35,9,"(25, 25)",100,"[(12.5, 12.5), (18.13, 6.98), (11.3, 20.92), (15.4, 8.15), (5.14, 0.44), (2.46, 8.68), (15.46, 5.77), (13.59, 16.23), (15.92, 8.67), (18.68, 14.37), (4.01, 21.08), (12.39, 23.94), (5.68, 9.8), (3.45, 17.74), (25.0, 21.42), (8.44, 17.75), (0.66, 0.86), (23.01, 6.49), (9.57, 12.13), (4.98, 7.75), (24.83, 24.87), (11.18, 21.66), (4.96, 16.61), (9.73, 17.88), (17.33, 3.39), (17.39, 14.67), (13.74, 6.41), (23.31, 3.38), (14.9, 3.09), (11.77, 18.25), (10.14, 11.28), (1.84, 19.82), (11.6, 8.27), (5.06, 11.32), (23.91, 15.55), (10.0, 23.24), (17.48, 15.61), (0.05, 16.93), (15.5, 10.67), (24.9, 2.27), (20.87, 11.97), (3.24, 20.45), (9.21, 3.04), (9.08, 1.88), (6.21, 21.06), (9.44, 14.18), (20.38, 18.65), (3.08, 21.84), (12.55, 10.29), (5.35, 0.89), (3.04, 18.44), (19.35, 23.19), (1.71, 10.49), (9.26, 18.04), (6.88, 18.68), (7.35, 8.02), (2.97, 20.81), (10.78, 0.18), (11.41, 0.77), (23.04, 24.6), (12.99, 17.99), (15.34, 9.84), (6.69, 23.94), (19.01, 9.57), (17.9, 11.21), (0.29, 15.77), (8.85, 24.16), (15.2, 9.17), (0.94, 16.83), (22.57, 17.43), (15.7, 6.95), (9.18, 19.86), (0.87, 9.4), (0.34, 11.88), (3.39, 12.84), (19.55, 21.63), (18.64, 8.06), (12.9, 23.41), (22.62, 18.92), (20.5, 16.88), (22.85, 14.77), (4.72, 1.69), (0.17, 15.36), (8.1, 7.13), (12.54, 12.57), (0.45, 11.86), (14.71, 16.71), (13.26, 19.54), (8.9, 3.83), (17.95, 22.82), (7.41, 0.72), (22.49, 5.04), (24.18, 5.7), (6.76, 4.59), (8.3, 11.32), (3.21, 2.13), (4.6, 18.49), (12.29, 1.45), (12.99, 0.24), (15.04, 20.32)]",1,[100],VRPRD,"[[0, 48, 26, 6, 70, 38, 63, 76, 1, 91, 17, 92, 27, 24, 98, 97, 81, 95, 4, 5, 72, 52, 85, 31, 68, 50, 96, 22, 62, 10, 66, 35, 71, 15, 2, 21, 87, 11, 77, 89, 51, 59, 20, 34, 80, 9, 25, 36, 79, 69, 78, 46, 75, 86, 7, 18, 33, 12, 55, 42, 43, 88, 83, 94, 30, 84, 0]]","[[[20, 14, 34], [80, 40, 9], [4, 16, 5], [24, 28, 98], [88, 93, 83], [18, 74, 33], [48, 32, 26], [22, 44, 62], [12, 19, 55], [7, 45, 18], [70, 64, 38], [92, 39, 27], [75, 99, 86], [96, 54, 22]]]","[[[6, 3, 8, 67, 61, 38], [85, 73, 82, 65, 37, 68], [15, 23, 53, 29, 60, 87], [22, 13, 41, 56, 47, 10], [97, 58, 57, 90, 49, 4]]]",[223],375.0,[20],223,375.0,3.729,10.9873
36,10,"(25, 25)",100,"[(12.5, 12.5), (8.23, 20.5), (16.02, 19.19), (15.99, 7.0), (3.87, 5.91), (3.83, 10.53), (12.95, 13.67), (6.93, 0.09), (10.94, 13.32), (10.63, 6.74), (21.86, 20.88), (8.06, 23.08), (16.97, 15.57), (5.02, 14.28), (2.13, 6.98), (3.01, 9.22), (13.05, 5.93), (3.54, 7.48), (8.13, 23.92), (21.06, 12.97), (23.28, 1.91), (9.28, 0.7), (10.97, 11.63), (22.39, 14.64), (2.97, 3.1), (21.18, 5.6), (19.61, 24.18), (5.48, 2.81), (9.73, 9.9), (18.14, 17.29), (8.43, 11.05), (19.24, 6.67), (16.18, 1.13), (21.33, 17.58), (19.43, 24.46), (1.85, 10.69), (8.27, 8.22), (18.3, 6.43), (2.68, 2.98), (10.69, 9.51), (16.85, 17.73), (10.16, 0.78), (4.14, 12.47), (13.59, 19.35), (11.82, 7.63), (8.25, 8.87), (9.42, 12.83), (15.98, 21.39), (11.44, 18.08), (16.17, 8.64), (7.73, 4.21), (9.54, 2.47), (0.94, 15.75), (23.91, 13.85), (5.2, 17.47), (15.53, 16.89), (11.85, 24.3), (15.51, 13.44), (24.73, 10.39), (12.68, 6.72), (22.51, 18.61), (5.1, 22.63), (11.65, 19.62), (4.1, 2.4), (13.79, 6.29), (20.41, 9.53), (0.03, 8.25), (8.31, 18.42), (12.54, 18.61), (21.62, 13.84), (12.79, 20.78), (0.65, 17.76), (2.01, 16.47), (1.47, 19.76), (0.32, 3.71), (2.06, 20.02), (15.14, 10.63), (10.03, 7.53), (2.2, 16.51), (24.44, 13.42), (14.16, 11.41), (18.53, 9.35), (14.5, 10.45), (24.97, 11.84), (19.94, 24.64), (23.3, 13.76), (7.11, 11.76), (23.71, 0.37), (18.68, 6.53), (3.67, 11.51), (15.77, 8.1), (1.64, 1.15), (21.89, 0.48), (6.22, 9.29), (23.13, 10.31), (12.77, 17.71), (6.24, 7.01), (23.23, 17.74), (15.05, 16.71), (16.03, 7.5)]",1,[100],VRP,"[[0, 80, 82, 76, 90, 99, 3, 49, 81, 65, 94, 58, 83, 79, 53, 85, 69, 23, 97, 60, 10, 84, 34, 26, 33, 19, 31, 88, 37, 25, 20, 87, 92, 32, 41, 21, 7, 51, 50, 27, 63, 24, 38, 91, 74, 66, 14, 17, 4, 96, 93, 15, 35, 5, 89, 42, 13, 54, 78, 72, 52, 71, 73, 75, 61, 18, 11, 1, 67, 48, 95, 68, 43, 62, 56, 70, 47, 2, 40, 29, 12, 55, 98, 57, 6, 8, 22, 28, 39, 9, 16, 64, 59, 44, 77, 36, 45, 30, 86, 46, 0]]",,,[202],402.0,[0],202,402.0,3.7427,2.9336
37,10,"(25, 25)",100,"[(12.5, 12.5), (8.23, 20.5), (16.02, 19.19), (15.99, 7.0), (3.87, 5.91), (3.83, 10.53), (12.95, 13.67), (6.93, 0.09), (10.94, 13.32), (10.63, 6.74), (21.86, 20.88), (8.06, 23.08), (16.97, 15.57), (5.02, 14.28), (2.13, 6.98), (3.01, 9.22), (13.05, 5.93), (3.54, 7.48), (8.13, 23.92), (21.06, 12.97), (23.28, 1.91), (9.28, 0.7), (10.97, 11.63), (22.39, 14.64), (2.97, 3.1), (21.18, 5.6), (19.61, 24.18), (5.48, 2.81), (9.73, 9.9), (18.14, 17.29), (8.43, 11.05), (19.24, 6.67), (16.18, 1.13), (21.33, 17.58), (19.43, 24.46), (1.85, 10.69), (8.27, 8.22), (18.3, 6.43), (2.68, 2.98), (10.69, 9.51), (16.85, 17.73), (10.16, 0.78), (4.14, 12.47), (13.59, 19.35), (11.82, 7.63), (8.25, 8.87), (9.42, 12.83), (15.98, 21.39), (11.44, 18.08), (16.17, 8.64), (7.73, 4.21), (9.54, 2.47), (0.94, 15.75), (23.91, 13.85), (5.2, 17.47), (15.53, 16.89), (11.85, 24.3), (15.51, 13.44), (24.73, 10.39), (12.68, 6.72), (22.51, 18.61), (5.1, 22.63), (11.65, 19.62), (4.1, 2.4), (13.79, 6.29), (20.41, 9.53), (0.03, 8.25), (8.31, 18.42), (12.54, 18.61), (21.62, 13.84), (12.79, 20.78), (0.65, 17.76), (2.01, 16.47), (1.47, 19.76), (0.32, 3.71), (2.06, 20.02), (15.14, 10.63), (10.03, 7.53), (2.2, 16.51), (24.44, 13.42), (14.16, 11.41), (18.53, 9.35), (14.5, 10.45), (24.97, 11.84), (19.94, 24.64), (23.3, 13.76), (7.11, 11.76), (23.71, 0.37), (18.68, 6.53), (3.67, 11.51), (15.77, 8.1), (1.64, 1.15), (21.89, 0.48), (6.22, 9.29), (23.13, 10.31), (12.77, 17.71), (6.24, 7.01), (23.23, 17.74), (15.05, 16.71), (16.03, 7.5)]",1,[100],VRPD,"[[0, 80, 82, 76, 90, 99, 3, 49, 65, 94, 58, 83, 79, 53, 85, 69, 23, 97, 60, 84, 34, 26, 33, 19, 31, 88, 37, 20, 87, 92, 41, 21, 51, 27, 63, 24, 38, 91, 66, 14, 17, 4, 93, 15, 5, 89, 42, 13, 78, 72, 52, 73, 75, 18, 11, 67, 48, 95, 68, 43, 62, 70, 2, 40, 29, 55, 98, 6, 8, 22, 28, 39, 9, 16, 64, 59, 44, 77, 36, 45, 30, 86, 46, 0]]","[[[92, 32, 41], [62, 56, 70], [13, 54, 78], [75, 61, 18], [51, 50, 27], [91, 74, 66], [98, 57, 6], [21, 7, 51], [60, 10, 84], [4, 96, 93], [37, 25, 20], [70, 47, 2], [11, 1, 67], [29, 12, 55], [49, 81, 65], [15, 35, 5], [52, 71, 73]]]",,[188],365.0,[11.0],188,365.0,3.346,4.252
38,10,"(25, 25)",100,"[(12.5, 12.5), (8.23, 20.5), (16.02, 19.19), (15.99, 7.0), (3.87, 5.91), (3.83, 10.53), (12.95, 13.67), (6.93, 0.09), (10.94, 13.32), (10.63, 6.74), (21.86, 20.88), (8.06, 23.08), (16.97, 15.57), (5.02, 14.28), (2.13, 6.98), (3.01, 9.22), (13.05, 5.93), (3.54, 7.48), (8.13, 23.92), (21.06, 12.97), (23.28, 1.91), (9.28, 0.7), (10.97, 11.63), (22.39, 14.64), (2.97, 3.1), (21.18, 5.6), (19.61, 24.18), (5.48, 2.81), (9.73, 9.9), (18.14, 17.29), (8.43, 11.05), (19.24, 6.67), (16.18, 1.13), (21.33, 17.58), (19.43, 24.46), (1.85, 10.69), (8.27, 8.22), (18.3, 6.43), (2.68, 2.98), (10.69, 9.51), (16.85, 17.73), (10.16, 0.78), (4.14, 12.47), (13.59, 19.35), (11.82, 7.63), (8.25, 8.87), (9.42, 12.83), (15.98, 21.39), (11.44, 18.08), (16.17, 8.64), (7.73, 4.21), (9.54, 2.47), (0.94, 15.75), (23.91, 13.85), (5.2, 17.47), (15.53, 16.89), (11.85, 24.3), (15.51, 13.44), (24.73, 10.39), (12.68, 6.72), (22.51, 18.61), (5.1, 22.63), (11.65, 19.62), (4.1, 2.4), (13.79, 6.29), (20.41, 9.53), (0.03, 8.25), (8.31, 18.42), (12.54, 18.61), (21.62, 13.84), (12.79, 20.78), (0.65, 17.76), (2.01, 16.47), (1.47, 19.76), (0.32, 3.71), (2.06, 20.02), (15.14, 10.63), (10.03, 7.53), (2.2, 16.51), (24.44, 13.42), (14.16, 11.41), (18.53, 9.35), (14.5, 10.45), (24.97, 11.84), (19.94, 24.64), (23.3, 13.76), (7.11, 11.76), (23.71, 0.37), (18.68, 6.53), (3.67, 11.51), (15.77, 8.1), (1.64, 1.15), (21.89, 0.48), (6.22, 9.29), (23.13, 10.31), (12.77, 17.71), (6.24, 7.01), (23.23, 17.74), (15.05, 16.71), (16.03, 7.5)]",1,[100],VRPR,"[[0, 80, 49, 81, 3, 65, 94, 69, 23, 85, 97, 33, 26, 19, 31, 88, 37, 25, 20, 87, 92, 32, 41, 21, 7, 51, 50, 74, 91, 66, 14, 17, 4, 96, 93, 15, 54, 13, 78, 61, 75, 18, 11, 1, 67, 48, 95, 68, 43, 62, 56, 70, 47, 2, 57, 6, 98, 8, 22, 28, 39, 9, 16, 64, 30, 45, 86, 46, 0]]",,"[[[80, 82, 76, 90, 99, 3], [81, 58, 83, 79, 53, 85], [78, 72, 52, 71, 73, 75], [64, 59, 44, 77, 36, 45], [51, 27, 63, 24, 38, 91], [2, 40, 29, 12, 55, 98], [23, 60, 10, 84, 34, 26], [93, 35, 5, 89, 42, 13]]]",[243],379.0,[0.0],243,379.0,4.3827,10.9277
39,10,"(25, 25)",100,"[(12.5, 12.5), (8.23, 20.5), (16.02, 19.19), (15.99, 7.0), (3.87, 5.91), (3.83, 10.53), (12.95, 13.67), (6.93, 0.09), (10.94, 13.32), (10.63, 6.74), (21.86, 20.88), (8.06, 23.08), (16.97, 15.57), (5.02, 14.28), (2.13, 6.98), (3.01, 9.22), (13.05, 5.93), (3.54, 7.48), (8.13, 23.92), (21.06, 12.97), (23.28, 1.91), (9.28, 0.7), (10.97, 11.63), (22.39, 14.64), (2.97, 3.1), (21.18, 5.6), (19.61, 24.18), (5.48, 2.81), (9.73, 9.9), (18.14, 17.29), (8.43, 11.05), (19.24, 6.67), (16.18, 1.13), (21.33, 17.58), (19.43, 24.46), (1.85, 10.69), (8.27, 8.22), (18.3, 6.43), (2.68, 2.98), (10.69, 9.51), (16.85, 17.73), (10.16, 0.78), (4.14, 12.47), (13.59, 19.35), (11.82, 7.63), (8.25, 8.87), (9.42, 12.83), (15.98, 21.39), (11.44, 18.08), (16.17, 8.64), (7.73, 4.21), (9.54, 2.47), (0.94, 15.75), (23.91, 13.85), (5.2, 17.47), (15.53, 16.89), (11.85, 24.3), (15.51, 13.44), (24.73, 10.39), (12.68, 6.72), (22.51, 18.61), (5.1, 22.63), (11.65, 19.62), (4.1, 2.4), (13.79, 6.29), (20.41, 9.53), (0.03, 8.25), (8.31, 18.42), (12.54, 18.61), (21.62, 13.84), (12.79, 20.78), (0.65, 17.76), (2.01, 16.47), (1.47, 19.76), (0.32, 3.71), (2.06, 20.02), (15.14, 10.63), (10.03, 7.53), (2.2, 16.51), (24.44, 13.42), (14.16, 11.41), (18.53, 9.35), (14.5, 10.45), (24.97, 11.84), (19.94, 24.64), (23.3, 13.76), (7.11, 11.76), (23.71, 0.37), (18.68, 6.53), (3.67, 11.51), (15.77, 8.1), (1.64, 1.15), (21.89, 0.48), (6.22, 9.29), (23.13, 10.31), (12.77, 17.71), (6.24, 7.01), (23.23, 17.74), (15.05, 16.71), (16.03, 7.5)]",1,[100],VRPRD,"[[0, 80, 49, 81, 3, 65, 94, 69, 23, 85, 97, 33, 26, 19, 31, 88, 37, 20, 87, 92, 41, 21, 51, 74, 91, 14, 17, 4, 93, 15, 13, 78, 75, 18, 11, 67, 48, 95, 68, 43, 62, 70, 2, 6, 98, 8, 22, 28, 39, 9, 16, 64, 30, 45, 86, 46, 0]]","[[[92, 32, 41], [62, 56, 70], [15, 54, 13], [78, 61, 75], [51, 50, 74], [91, 66, 14], [2, 57, 6], [21, 7, 51], [4, 96, 93], [37, 25, 20], [70, 47, 2], [11, 1, 67]]]","[[[80, 82, 76, 90, 99, 3], [81, 58, 83, 79, 53, 85], [78, 72, 52, 71, 73, 75], [64, 59, 44, 77, 36, 45], [51, 27, 63, 24, 38, 91], [2, 40, 29, 12, 55, 98], [23, 60, 10, 84, 34, 26], [93, 35, 5, 89, 42, 13]]]",[211],361.0,[38],211,361.0,4.8288,10.0557
